profile,training_seed,delta_mean_agent_return_ppo_minus_random,delta_final_assignment_distance_ppo_minus_random,delta_collision_pairs_per_cycle_ppo_minus_random,delta_duplicate_nearest_landmarks_ppo_minus_random,delta_nearest_landmark_switch_rate_ppo_minus_random
standard,7,1.6106683433496194,-0.1955776599545057,0.007999999999999993,0.09999999999999987,0.0040000000000000036
standard,17,4.814232469900158,-0.25501297095400144,-0.031999999999999994,-0.17200000000000004,0.002666666666666668
standard,27,3.288121538248543,-0.28007652271544325,0.068,-0.20800000000000007,0.010666666666666672
standard,37,-0.6566148751354461,-0.019251682859403152,-0.0040000000000000036,-0.06799999999999995,-0.016
standard,47,3.7909139113823684,-0.4344603006487626,0.09999999999999999,-0.27200000000000013,0.010666666666666672
