profile,environment,algorithm,n_seeds,final_reward_mean,final_reward_std_across_seeds,convergence_stability_cv,best_reward_mean,best_reward_std,learning_curve_auc_mean,learning_curve_auc_std,wallclock_sec_mean,wallclock_sec_std,steps_per_sec_mean,threshold_success_rate,median_timesteps_to_threshold
standard,BipedalWalker-v3,PPO,5,180.57234314,135.7583918770057,0.7518227294143196,256.52735909999996,31.917186839229032,58.78912586150723,15.412870200909765,90.98917242520255,2.8431737198905878,3311.2266405040923,0.0,
standard,BipedalWalker-v3,SAC,5,306.95760484000004,5.496615413340434,0.01790675756734422,308.38286846,6.6384097785556575,107.92622259533331,21.470692809991736,1063.3494197499938,9.732398991875895,282.14643211325335,0.8,230000.0
standard,LunarLanderContinuous-v3,PPO,5,80.46246244,39.546482261071866,0.49148983341231656,168.83308326000002,26.219851715696073,-25.505024100261817,42.36578242283131,36.2384519668005,1.1021963974416298,4185.138158531952,0.0,
standard,LunarLanderContinuous-v3,SAC,5,159.74585362000002,137.17190046492277,0.8586883312186971,184.96826826,104.48231771142416,70.78601620733335,82.41804816408626,490.90527710840104,6.214042148351328,305.59669573875374,0.6,70000.0
