timestamp,robot_id,mission_mode,terrain,location_zone,speed_mps,motor_current_mean_a,motor_temp_c,battery_voltage_v,battery_soc_pct,is_charging,wifi_rssi_dbm,gps_fix_quality,gps_hdop,task_success_probability,task_success_flag,missingness_flag
2026-07-01 00:00:00+00:00,AR-001,incident_response,asphalt,base_area,1.436392,17.74243075,35.139522,50.173127,94.950267,0,-44.683029,5.0,0.681922,0.984,1,0
2026-07-01 00:05:00+00:00,AR-001,incident_response,asphalt,base_area,1.582793,19.28299325,37.872109,50.032591,94.053112,0,-41.524219,5.0,0.45,0.984,1,0
2026-07-01 00:10:00+00:00,AR-001,incident_response,asphalt,base_area,1.529406,18.17839025,38.307728,49.950449,93.06328,0,-46.693072,5.0,0.602042,0.984,1,0
2026-07-01 00:15:00+00:00,AR-001,incident_response,gravel,open_perimeter,1.374995,19.626210999999998,40.994977,49.818843,92.224324,0,-53.595354,5.0,0.517989,0.984,1,0
2026-07-01 00:20:00+00:00,AR-001,incident_response,gravel,open_perimeter,1.286941,18.339318,39.884269,49.760609,91.405639,0,-56.115801,5.0,0.535557,0.984,1,0
2026-07-01 00:25:00+00:00,AR-001,incident_response,dry_grass,open_perimeter,1.199587,19.111980749999997,40.678822,49.643854,90.542546,0,-63.791303,4.0,1.350068,0.984,1,0
2026-07-01 00:30:00+00:00,AR-001,pursuit,dry_grass,tree_line,1.283894,19.9034175,40.807332,49.518489,89.606945,0,-68.791401,4.0,1.337694,0.984,1,0
2026-07-01 00:35:00+00:00,AR-001,pursuit,dry_grass,tree_line,1.29171,19.347824250000002,39.822636,49.442464,88.79917,0,-68.727439,4.0,1.132086,0.984,1,0
2026-07-01 00:40:00+00:00,AR-001,pursuit,wet_grass,tree_line,1.102909,22.30227375,45.050558,49.249897,87.765681,0,-73.17906,4.0,1.182185,0.984,1,0
2026-07-01 00:45:00+00:00,AR-001,pursuit,wet_grass,building_shadow,1.095653,21.66216825,44.821094,49.162985,86.841084,0,-73.159085,3.0,1.935756,0.984,1,0
2026-07-01 00:50:00+00:00,AR-001,pursuit,mud,building_shadow,0.888136,23.323286250000002,52.648951,49.022379,85.971292,0,-68.303694,3.0,1.869778,0.984,1,0
2026-07-01 00:55:00+00:00,AR-001,pursuit,mud,building_shadow,0.917416,23.58117125,53.620799,48.910658,85.033648,0,-67.822795,3.0,1.798274,0.984,1,0
2026-07-01 01:00:00+00:00,AR-001,perimeter,sand,remote_edge,0.470277,17.4686695,60.840581,48.949348,83.96012,0,-67.270307,4.0,1.3351,0.999,1,0
2026-07-01 01:05:00+00:00,AR-001,perimeter,sand,remote_edge,0.525753,19.321191000000002,62.300982,48.835104,83.370137,0,-67.969402,4.0,1.329293,0.999,1,0
2026-07-01 01:10:00+00:00,AR-001,perimeter,sand,remote_edge,0.555608,19.456656249999998,63.253794,48.722076,82.392405,0,-81.042367,3.0,1.748216,0.999,1,0
2026-07-01 01:15:00+00:00,AR-001,perimeter,rocky,base_area,0.822747,13.35305075,36.255862,48.800939,81.679632,0,-49.81415,5.0,0.617076,0.999,1,0
2026-07-01 01:20:00+00:00,AR-001,perimeter,rocky,base_area,0.771747,12.28368675,35.087451,48.729227,80.791095,0,-46.323416,5.0,0.51715,0.999,1,0
2026-07-01 01:25:00+00:00,AR-001,perimeter,asphalt,base_area,1.018808,14.311325749999998,36.887594,48.566365,79.807671,0,-54.1361,5.0,0.491785,0.999,1,0
2026-07-01 01:30:00+00:00,AR-001,incident_response,asphalt,open_perimeter,1.521087,18.4238425,39.088225,48.367643,78.988061,0,-62.251092,4.0,1.102637,0.984,1,0
2026-07-01 01:35:00+00:00,AR-001,incident_response,asphalt,open_perimeter,1.490557,18.343248,37.811719,48.273912,78.132472,0,-56.741511,5.0,0.71302,0.984,1,0
2026-07-01 01:40:00+00:00,AR-001,incident_response,gravel,open_perimeter,1.288134,18.2226235,38.57029,48.17743,77.243018,0,-57.845066,5.0,0.561356,0.984,1,0
2026-07-01 01:45:00+00:00,AR-001,incident_response,gravel,tree_line,1.280763,18.05881975,38.290485,48.075396,76.293978,0,-61.367341,4.0,1.197469,0.984,1,0
2026-07-01 01:50:00+00:00,AR-001,incident_response,dry_grass,tree_line,1.210458,19.070899,39.420375,47.933222,75.259511,0,-61.358405,4.0,1.143756,0.984,1,0
2026-07-01 01:55:00+00:00,AR-001,incident_response,dry_grass,tree_line,1.18682,18.68620775,40.493112,47.837981,74.319846,0,-68.185172,4.0,1.177851,0.984,1,0
2026-07-01 02:00:00+00:00,AR-001,perimeter,wet_grass,building_shadow,0.695758,16.5518765,45.394005,47.811497,73.587906,0,-77.544496,4.0,1.142934,0.999,1,0
2026-07-01 02:05:00+00:00,AR-001,perimeter,wet_grass,building_shadow,0.697801,15.704222750000001,46.829179,47.750784,72.84905,0,-75.342043,4.0,1.212219,0.999,1,0
2026-07-01 02:10:00+00:00,AR-001,perimeter,wet_grass,building_shadow,0.696181,15.5481485,47.705833,47.63074,71.740996,0,-82.491107,4.0,1.282873,0.999,1,0
2026-07-01 02:15:00+00:00,AR-001,perimeter,mud,remote_edge,0.540411,16.620382499999998,55.298705,47.510922,70.920105,0,-82.588445,4.0,1.215858,0.999,1,0
2026-07-01 02:20:00+00:00,AR-001,perimeter,mud,remote_edge,0.549975,16.2901475,55.641043,47.413051,69.969598,0,-77.924164,3.0,1.820903,0.999,1,0
2026-07-01 02:25:00+00:00,AR-001,perimeter,sand,remote_edge,0.536258,19.98908725,65.458295,47.235296,69.24118,0,-71.600295,3.0,1.792259,0.999,1,0
2026-07-01 02:30:00+00:00,AR-001,coverage,sand,base_area,0.547853,19.56753275,62.394375,47.160565,68.476082,0,-47.617093,5.0,0.462728,0.999,1,0
2026-07-01 02:35:00+00:00,AR-001,coverage,sand,base_area,0.520949,19.17124275,63.981477,47.049219,67.389926,0,-45.772399,5.0,0.45,0.999,1,0
2026-07-01 02:40:00+00:00,AR-001,coverage,rocky,base_area,0.744627,12.2843605,34.677244,47.102762,66.269243,0,-49.814894,5.0,0.473488,0.999,1,0
2026-07-01 02:45:00+00:00,AR-001,coverage,rocky,open_perimeter,0.785845,12.64569975,35.4476,47.015306,65.572269,0,-55.810911,5.0,0.66189,0.999,1,0
2026-07-01 02:50:00+00:00,AR-001,coverage,asphalt,open_perimeter,0.99573,13.9742805,35.129753,46.901939,64.868484,0,-56.804723,5.0,0.562283,0.999,1,0
2026-07-01 02:55:00+00:00,AR-001,coverage,asphalt,open_perimeter,1.033404,13.695203,36.833425,46.785741,63.766217,0,-64.107659,4.0,1.138455,0.999,1,0
2026-07-01 03:00:00+00:00,AR-001,perimeter,gravel,tree_line,0.880649,14.20470625,40.164646,46.674587,62.892051,0,-69.668959,4.0,1.163999,0.999,1,0
2026-07-01 03:05:00+00:00,AR-001,perimeter,gravel,tree_line,0.823583,13.33812075,40.601154,46.620883,62.211373,0,-64.086511,4.0,1.180865,0.999,1,0
2026-07-01 03:10:00+00:00,AR-001,perimeter,gravel,tree_line,0.879262,13.99754475,41.060846,46.49826,61.269605,0,-65.093641,5.0,0.590874,0.999,1,0
2026-07-01 03:15:00+00:00,AR-001,perimeter,dry_grass,building_shadow,0.776693,13.45869725,42.798049,46.416234,60.412147,0,-63.182631,3.0,1.924277,0.999,1,0
2026-07-01 03:20:00+00:00,AR-001,perimeter,dry_grass,building_shadow,0.82498,14.5113205,43.88896,46.271256,59.362058,0,-63.429115,3.0,1.888985,0.999,1,0
2026-07-01 03:25:00+00:00,AR-001,perimeter,wet_grass,building_shadow,0.718798,16.29835275,50.189733,46.127698,58.495132,0,-72.679226,4.0,1.217017,0.999,1,0
2026-07-01 03:30:00+00:00,AR-001,coverage,wet_grass,remote_edge,0.763771,17.2652145,48.994895,46.013708,57.701817,0,-81.853961,3.0,1.897104,0.999,1,1
2026-07-01 03:35:00+00:00,AR-001,coverage,wet_grass,remote_edge,0.699794,16.710534,47.978772,45.919324,56.730342,0,-83.610549,3.0,1.862306,0.999,1,0
2026-07-01 03:40:00+00:00,AR-001,coverage,mud,remote_edge,0.555996,16.300438999999997,55.718195,45.831691,55.852697,0,-90.305588,4.0,1.241904,0.9969,1,0
2026-07-01 03:45:00+00:00,AR-001,coverage,mud,base_area,0.540775,16.2500295,55.95355,45.743586,55.054342,0,-45.881262,5.0,0.529989,0.999,1,0
2026-07-01 03:50:00+00:00,AR-001,coverage,sand,base_area,0.514681,19.12868975,65.038644,45.589377,54.345738,0,-47.821386,5.0,0.479904,0.999,1,0
2026-07-01 03:55:00+00:00,AR-001,coverage,sand,base_area,0.46935,17.554603,64.675518,45.524527,53.40131,0,-50.70849,5.0,0.550369,0.999,1,0
2026-07-01 04:00:00+00:00,AR-001,perimeter,rocky,open_perimeter,0.753778,12.4153445,38.761495,45.536679,52.316766,0,-58.409855,5.0,0.573364,0.999,1,0
2026-07-01 04:05:00+00:00,AR-001,perimeter,rocky,open_perimeter,0.809064,12.62004975,41.056773,45.418928,51.312944,0,-52.773924,4.0,1.149369,0.999,1,0
2026-07-01 04:10:00+00:00,AR-001,perimeter,rocky,open_perimeter,0.782733,13.00860875,42.256234,45.335019,50.653955,0,-57.03282,5.0,0.591609,0.999,1,0
2026-07-01 04:15:00+00:00,AR-001,perimeter,asphalt,tree_line,0.995177,13.9100635,41.585961,45.20389,49.692425,0,-65.862201,4.0,1.218498,0.999,1,0
2026-07-01 04:20:00+00:00,AR-001,perimeter,asphalt,tree_line,0.967576,13.53289875,41.807593,45.119156,48.848317,0,-66.895615,4.0,1.191689,0.999,1,0
2026-07-01 04:25:00+00:00,AR-001,perimeter,gravel,tree_line,0.891907,14.577743250000001,43.041812,44.989427,47.932578,0,-73.855275,4.0,1.245169,0.999,1,0
2026-07-01 04:30:00+00:00,AR-001,escort,gravel,building_shadow,0.604059,10.792683,40.433836,44.98916,47.051515,0,-80.08084,4.0,1.176257,0.999,1,0
2026-07-01 04:35:00+00:00,AR-001,escort,gravel,building_shadow,0.62871,11.652553750000001,40.673344,44.882768,46.3012,0,-73.501965,4.0,1.145654,0.999,1,0
2026-07-01 04:40:00+00:00,AR-001,escort,dry_grass,building_shadow,0.552729,11.323321750000002,41.84373,44.768485,45.204388,0,-74.433586,4.0,1.336914,0.999,1,0
2026-07-01 04:45:00+00:00,AR-001,escort,dry_grass,remote_edge,0.590328,11.867108250000001,42.028108,44.683768,44.574217,0,-71.507764,3.0,1.84368,0.999,1,0
2026-07-01 04:50:00+00:00,AR-001,escort,wet_grass,remote_edge,0.454766,12.43204575,47.939802,44.549502,43.50656,0,-70.648016,3.0,1.837854,0.999,1,0
2026-07-01 04:55:00+00:00,AR-001,escort,wet_grass,remote_edge,0.44264,12.19132075,49.000562,44.455471,42.611118,0,-72.19476,3.0,1.953745,0.999,1,0
2026-07-01 05:00:00+00:00,AR-001,coverage,mud,base_area,0.489597,16.16229875,59.795883,44.255582,41.748232,0,-45.911589,5.0,0.45,0.999,1,0
2026-07-01 05:05:00+00:00,AR-001,coverage,mud,base_area,0.608575,18.013486999999998,61.514531,44.101582,40.802971,0,-44.49867,5.0,0.494739,0.999,1,0
2026-07-01 05:10:00+00:00,AR-001,coverage,mud,base_area,0.544515,17.08482275,62.263546,44.027397,39.92502,0,-51.810538,5.0,0.599559,0.999,1,0
2026-07-01 05:15:00+00:00,AR-001,coverage,sand,open_perimeter,0.541501,19.807070250000002,71.315359,43.848667,38.961164,0,-65.386772,4.0,1.131691,0.999,1,0
2026-07-01 05:20:00+00:00,AR-001,coverage,sand,open_perimeter,0.455982,17.914334750000002,71.035694,43.813388,38.206795,0,-55.429232,5.0,0.45,0.999,1,0
2026-07-01 05:25:00+00:00,AR-001,coverage,rocky,open_perimeter,0.778943,12.96110825,42.424704,43.873361,37.592405,0,-59.381201,4.0,1.170391,0.999,1,0
2026-07-01 05:30:00+00:00,AR-001,coverage,rocky,tree_line,0.742623,12.669312249999999,42.240861,43.757732,36.492273,0,-62.604228,5.0,0.5573,0.999,1,0
2026-07-01 05:35:00+00:00,AR-001,coverage,rocky,tree_line,0.81858,12.933245,42.905208,43.629583,35.409351,0,-57.44695,4.0,1.31709,0.999,1,0
2026-07-01 05:40:00+00:00,AR-001,coverage,asphalt,tree_line,0.977495,13.711326,40.747305,43.515615,34.572409,0,-61.906516,4.0,1.135685,0.999,1,0
2026-07-01 05:45:00+00:00,AR-001,coverage,asphalt,building_shadow,1.021804,14.2493435,42.056124,43.395521,33.625037,0,-73.282216,3.0,1.847092,0.999,1,0
2026-07-01 05:50:00+00:00,AR-001,coverage,gravel,building_shadow,0.824996,13.77904475,44.252332,43.33296,32.957282,0,-71.213302,4.0,1.228599,0.999,1,0
2026-07-01 05:55:00+00:00,AR-001,coverage,gravel,building_shadow,0.839805,13.86559525,44.417205,43.238643,32.135258,0,-81.897523,4.0,1.231193,0.999,1,0
2026-07-01 06:00:00+00:00,AR-001,escort,dry_grass,remote_edge,0.581822,11.7886515,44.660792,43.178863,31.119352,0,-90.628359,3.0,1.970545,0.9969,1,0
2026-07-01 06:05:00+00:00,AR-001,escort,dry_grass,remote_edge,0.548164,11.2296585,46.540847,43.098681,30.273677,0,-84.522641,3.0,1.841804,0.999,1,0
2026-07-01 06:10:00+00:00,AR-001,escort,dry_grass,remote_edge,0.556317,11.696834,47.570686,42.980078,29.323173,0,-80.522524,3.0,1.633096,0.999,1,0
2026-07-01 06:15:00+00:00,AR-001,escort,wet_grass,base_area,0.558835,13.959404249999999,54.392744,42.815713,28.380873,0,-48.154221,4.0,1.222538,0.999,1,0
2026-07-01 06:20:00+00:00,AR-001,escort,wet_grass,base_area,0.447873,11.88406225,52.876768,42.778502,27.566852,0,-43.59714,4.0,1.199702,0.999,1,0
2026-07-01 06:25:00+00:00,AR-001,escort,mud,base_area,0.392342,13.7468665,62.539621,42.600222,26.407504,0,-49.154083,5.0,0.57107,0.999,1,0
2026-07-01 06:30:00+00:00,AR-001,perimeter,mud,open_perimeter,0.535758,16.61735,62.710494,42.443614,25.675577,0,-56.386607,5.0,0.577832,0.999,1,0
2026-07-01 06:35:00+00:00,AR-001,perimeter,mud,open_perimeter,0.565125,17.95157,62.287036,42.319155,24.874066,0,-57.197527,5.0,0.573708,0.999,1,0
2026-07-01 06:40:00+00:00,AR-001,perimeter,sand,open_perimeter,0.532617,19.686915250000002,70.017088,42.162054,23.874231,0,-61.585519,4.0,1.266242,0.999,1,0
2026-07-01 06:45:00+00:00,AR-001,perimeter,sand,tree_line,0.497717,18.98879475,70.676561,42.131926,23.443171,0,-72.001807,4.0,1.227915,0.999,1,0
2026-07-01 06:50:00+00:00,AR-001,perimeter,rocky,tree_line,0.810786,13.22017425,43.221822,42.16677,22.415132,0,-70.522062,4.0,1.138513,0.999,1,0
2026-07-01 06:55:00+00:00,AR-001,perimeter,rocky,tree_line,0.777091,13.499088749999999,43.478098,42.043371,21.378104,0,-70.561943,4.0,1.348235,0.999,1,0
2026-07-01 07:00:00+00:00,AR-001,perimeter,asphalt,building_shadow,1.03339,14.42904475,45.337072,41.932085,20.60036,0,-70.965187,3.0,1.851479,0.9962,1,0
2026-07-01 07:05:00+00:00,AR-001,perimeter,asphalt,building_shadow,1.018909,14.46142025,46.207802,41.834486,19.736453,0,-63.06038,4.0,1.237625,0.9962,1,0
2026-07-01 07:10:00+00:00,AR-001,perimeter,asphalt,building_shadow,0.979625,14.336831,47.782058,41.731455,18.787613,0,-66.021166,3.0,1.748112,0.9962,1,0
2026-07-01 07:15:00+00:00,AR-001,perimeter,gravel,remote_edge,0.903219,15.008408,49.864199,41.590359,17.683728,0,-74.483789,3.0,1.945176,0.9962,1,0
2026-07-01 07:20:00+00:00,AR-001,perimeter,gravel,remote_edge,0.885104,14.68284,49.508991,41.517792,16.96023,0,-77.799345,4.0,1.004559,0.9962,1,0
2026-07-01 07:25:00+00:00,AR-001,perimeter,dry_grass,remote_edge,0.823026,14.80166225,49.73434,41.399896,15.93517,0,-89.07514,3.0,1.854062,0.9941,1,0
2026-07-01 07:30:00+00:00,AR-001,coverage,dry_grass,base_area,0.790425,14.447581249999999,49.557576,41.328624,15.216614,0,-49.901269,5.0,0.570447,0.9962,1,0
2026-07-01 07:35:00+00:00,AR-001,coverage,dry_grass,base_area,0.834756,14.78901375,48.757472,41.194699,14.100121,0,-48.791561,5.0,0.45,0.992,1,0
2026-07-01 07:40:00+00:00,AR-001,coverage,wet_grass,base_area,0.701333,16.548555,55.316102,41.049541,13.212535,0,-47.877821,5.0,0.677753,0.992,1,0
2026-07-01 07:45:00+00:00,AR-001,coverage,wet_grass,open_perimeter,0.655201,15.666211500000001,53.056659,40.995015,12.520865,0,-58.445506,5.0,0.674371,0.992,1,0
2026-07-01 07:50:00+00:00,AR-001,return_to_dock,mud,open_perimeter,0.509276,16.381341749999997,62.178109,40.877199,11.634944,0,-56.238652,5.0,0.610184,0.992,1,0
2026-07-01 07:55:00+00:00,AR-001,return_to_dock,mud,open_perimeter,0.49836,16.66370475,63.698422,40.754883,10.608387,0,-60.075868,4.0,1.073674,0.992,1,0
2026-07-01 08:00:00+00:00,AR-001,charging,sand,tree_line,0.0,6.6514187499999995,69.409496,42.411072,10.571512,1,-60.491816,4.0,1.246901,1.0,1,0
2026-07-01 08:05:00+00:00,AR-001,charging,sand,tree_line,0.0,7.3505475,71.981267,42.791115,14.127043,1,-65.082198,4.0,1.112346,1.0,1,0
2026-07-01 08:10:00+00:00,AR-001,charging,sand,tree_line,0.0,6.692125249999999,71.490902,43.221584,17.817668,1,-74.395079,4.0,1.232267,1.0,1,0
2026-07-01 08:15:00+00:00,AR-001,charging,rocky,building_shadow,0.0,5.20717725,43.154422,43.630859,21.127192,1,-80.885492,3.0,1.912155,1.0,1,0
2026-07-01 08:20:00+00:00,AR-001,charging,rocky,building_shadow,0.0,4.709444250000001,43.042757,44.058665,24.831347,1,-76.49123,4.0,1.314896,1.0,1,0
2026-07-01 08:25:00+00:00,AR-001,charging,asphalt,building_shadow,0.0,5.206011999999999,39.283566,44.43185,28.278627,1,-78.858079,4.0,1.204832,1.0,1,0
2026-07-01 08:30:00+00:00,AR-001,charging,asphalt,remote_edge,0.0,4.6803225,38.941179,44.826214,31.677699,1,-77.857303,3.0,1.99747,1.0,1,0
2026-07-01 08:35:00+00:00,AR-001,charging,asphalt,remote_edge,0.0,5.12994,38.58274,45.235158,35.433361,1,-68.617383,3.0,1.908902,1.0,1,0
2026-07-01 08:40:00+00:00,AR-001,charging,gravel,remote_edge,0.0,4.37926825,40.480809,45.647562,38.941278,1,-69.518495,4.0,1.076068,1.0,1,0
2026-07-01 08:45:00+00:00,AR-001,charging,gravel,base_area,0.0,4.79024375,41.445622,46.013245,42.301705,1,-42.832071,4.0,1.118231,1.0,1,0
2026-07-01 08:50:00+00:00,AR-001,charging,dry_grass,base_area,0.0,5.103693499999999,43.212315,46.408122,45.900159,1,-45.279819,5.0,,1.0,1,1
2026-07-01 08:55:00+00:00,AR-001,charging,dry_grass,base_area,0.0,5.5313817499999995,43.415749,46.795591,49.458993,1,-51.122394,5.0,0.528149,1.0,1,0
2026-07-01 09:00:00+00:00,AR-001,charging,wet_grass,open_perimeter,0.0,5.881857750000001,52.548076,47.173772,52.916964,1,-59.142737,,0.530337,1.0,1,1
2026-07-01 09:05:00+00:00,AR-001,charging,wet_grass,open_perimeter,0.0,5.859237,53.642265,47.576221,56.505014,1,-56.734046,5.0,0.66775,1.0,1,0
2026-07-01 09:10:00+00:00,AR-001,charging,wet_grass,open_perimeter,0.0,6.196021750000001,53.299557,47.958897,59.999946,1,-60.842128,4.0,1.283903,1.0,1,0
2026-07-01 09:15:00+00:00,AR-001,charging,mud,tree_line,0.0,5.808247250000001,63.743986,48.373812,63.614524,1,-65.492148,4.0,1.227907,1.0,1,0
2026-07-01 09:20:00+00:00,AR-001,charging,mud,tree_line,0.0,5.642998250000001,62.84064,48.74453,67.005095,1,-56.828819,4.0,1.215671,1.0,1,0
2026-07-01 09:25:00+00:00,AR-001,charging,sand,tree_line,0.0,6.825419999999999,71.668793,49.122254,70.53317,1,-62.373242,4.0,1.148083,1.0,1,0
2026-07-01 09:30:00+00:00,AR-001,charging,sand,building_shadow,0.0,6.6771135,71.002959,49.558642,74.395062,1,-65.230427,4.0,1.105742,1.0,1,0
2026-07-01 09:35:00+00:00,AR-001,charging,sand,building_shadow,0.0,7.098193,69.755925,49.921006,77.728209,1,-71.407988,4.0,1.0834,1.0,1,0
2026-07-01 09:40:00+00:00,AR-001,charging,rocky,building_shadow,0.0,5.003899500000001,40.795323,50.388905,81.419703,1,-76.33192,5.0,0.564974,1.0,1,0
2026-07-01 09:45:00+00:00,AR-001,charging,rocky,remote_edge,0.0,5.18362675,40.322752,50.755494,84.734541,1,-89.614879,3.0,1.890959,1.0,1,0
2026-07-01 09:50:00+00:00,AR-001,charging,asphalt,remote_edge,0.0,4.75537275,37.566409,51.145984,88.121636,1,-86.867561,3.0,1.873136,1.0,1,0
2026-07-01 09:55:00+00:00,AR-001,charging,asphalt,remote_edge,0.0,3.359702,39.122319,51.586986,92.062626,1,-86.031601,3.0,1.735934,1.0,1,0
2026-07-01 10:00:00+00:00,AR-001,coverage,gravel,base_area,0.854796,14.18051225,49.929743,50.23772,94.700121,0,-43.794475,5.0,0.539959,0.999,1,0
2026-07-01 10:05:00+00:00,AR-001,coverage,gravel,base_area,0.920594,15.472342,50.94068,50.116075,93.913894,0,-45.302752,5.0,0.554412,0.999,1,0
2026-07-01 10:10:00+00:00,AR-001,coverage,gravel,base_area,0.917014,15.191225,51.959762,50.03537,93.128056,0,-48.182776,5.0,0.49714,0.999,1,0
2026-07-01 10:15:00+00:00,AR-001,coverage,dry_grass,open_perimeter,0.858293,14.65269,52.252264,49.922648,91.996589,0,-57.040625,5.0,0.56293,0.999,1,0
2026-07-01 10:20:00+00:00,AR-001,coverage,dry_grass,open_perimeter,0.84067,15.27396775,53.161737,49.828853,91.303355,0,-55.563016,5.0,0.500202,0.999,1,0
2026-07-01 10:25:00+00:00,AR-001,coverage,wet_grass,open_perimeter,0.688333,16.5742415,58.491593,49.694458,90.405255,0,-60.736305,5.0,0.552131,0.999,1,0
2026-07-01 10:30:00+00:00,AR-001,pursuit,wet_grass,tree_line,1.137802,23.131438250000002,61.151251,49.43464,89.607652,0,-70.743073,4.0,1.120019,0.984,1,0
2026-07-01 10:35:00+00:00,AR-001,pursuit,wet_grass,tree_line,1.137423,22.75236875,60.803841,49.347007,88.737217,0,-66.774437,4.0,1.249342,0.984,1,0
2026-07-01 10:40:00+00:00,AR-001,pursuit,mud,tree_line,0.908807,24.6843765,67.246818,49.193851,87.818255,0,-71.45738,4.0,1.195392,0.984,1,0
2026-07-01 10:45:00+00:00,AR-001,pursuit,mud,building_shadow,0.879919,24.4728165,66.679374,49.063558,86.605815,0,-76.066685,4.0,1.275457,0.984,1,0
2026-07-01 10:50:00+00:00,AR-001,pursuit,sand,building_shadow,0.870196,27.489985750000002,74.723559,48.937263,86.178597,0,-64.681796,4.0,1.218269,0.984,1,0
2026-07-01 10:55:00+00:00,AR-001,pursuit,sand,building_shadow,0.811707,26.76493075,76.261136,48.819641,84.960079,0,-66.846883,4.0,1.103385,0.984,1,0
2026-07-01 11:00:00+00:00,AR-001,perimeter,rocky,remote_edge,0.803489,13.44849375,47.770115,49.09717,84.346707,0,-68.486257,3.0,1.831385,0.999,1,0
2026-07-01 11:05:00+00:00,AR-001,perimeter,rocky,remote_edge,0.818958,13.841727,48.182878,48.963761,83.246842,0,-72.215014,4.0,1.169567,0.999,1,0
2026-07-01 11:10:00+00:00,AR-001,perimeter,rocky,remote_edge,0.79097,13.63622825,49.29257,48.877417,82.428207,0,-80.046024,3.0,1.715031,0.999,1,0
2026-07-01 11:15:00+00:00,AR-001,perimeter,asphalt,base_area,0.980031,14.142805500000001,48.955797,48.758175,81.481138,0,-48.821401,5.0,0.682581,0.999,1,0
2026-07-01 11:20:00+00:00,AR-001,perimeter,asphalt,base_area,1.035835,15.0037845,49.309417,48.651799,80.731226,0,-43.302267,5.0,0.633662,0.999,1,0
2026-07-01 11:25:00+00:00,AR-001,perimeter,gravel,base_area,0.884799,15.017716750000002,50.055805,48.529392,79.641543,0,-49.104959,5.0,0.669671,0.999,1,0
2026-07-01 11:30:00+00:00,AR-001,perimeter,gravel,open_perimeter,0.851942,14.73682525,49.426806,48.45354,78.899085,0,-58.619569,5.0,0.567264,0.999,1,0
2026-07-01 11:35:00+00:00,AR-001,perimeter,gravel,open_perimeter,0.900788,14.45244675,48.469311,48.369841,78.085759,0,-55.768786,5.0,0.469212,0.999,1,0
2026-07-01 11:40:00+00:00,AR-001,perimeter,dry_grass,open_perimeter,0.820885,15.3220985,49.68861,48.240572,77.133449,0,-56.00312,5.0,0.698199,0.999,1,0
2026-07-01 11:45:00+00:00,AR-001,perimeter,dry_grass,tree_line,0.833651,14.75938225,49.367397,48.164526,76.323841,0,-63.503624,4.0,1.239352,0.999,1,0
2026-07-01 11:50:00+00:00,AR-001,perimeter,wet_grass,tree_line,0.698972,15.82907375,55.840547,48.00906,75.184068,0,-57.658004,3.0,1.829326,0.999,1,0
2026-07-01 11:55:00+00:00,AR-001,perimeter,wet_grass,tree_line,0.661995,15.900119250000001,55.910992,47.920648,74.411173,0,-64.567591,4.0,1.163776,0.999,1,0
2026-07-01 12:00:00+00:00,AR-001,coverage,mud,building_shadow,0.535305,17.151445250000002,65.341663,47.800267,73.626823,0,-74.65228,4.0,1.123187,0.999,1,0
2026-07-01 12:05:00+00:00,AR-001,coverage,mud,building_shadow,0.576366,18.3108685,65.438545,47.671467,72.745974,0,-78.518305,3.0,1.885632,0.999,1,0
2026-07-01 12:10:00+00:00,AR-001,coverage,mud,building_shadow,0.511025,16.026104250000003,65.773177,47.649916,72.023166,0,-81.270268,4.0,1.216798,0.999,1,0
2026-07-01 12:15:00+00:00,AR-001,coverage,sand,remote_edge,0.46618,18.53629075,74.143926,47.475899,71.052165,0,-83.837776,4.0,1.269444,0.999,1,0
2026-07-01 12:20:00+00:00,AR-001,coverage,sand,remote_edge,0.522148,19.9979935,74.377128,47.330282,70.091336,0,-78.914867,3.0,1.823637,0.999,1,0
2026-07-01 12:25:00+00:00,AR-001,coverage,rocky,remote_edge,0.72744,12.59143775,45.994532,47.438036,69.334052,0,-74.60271,4.0,1.109894,0.999,1,0
2026-07-01 12:30:00+00:00,AR-001,escort,rocky,base_area,0.606446,11.602979000000001,44.093208,47.358265,68.392347,0,-44.891293,4.0,1.06518,0.999,1,0
2026-07-01 12:35:00+00:00,AR-001,escort,rocky,base_area,0.589006,10.97723875,43.359505,47.269422,67.453845,0,-45.514451,5.0,0.663338,0.999,1,0
2026-07-01 12:40:00+00:00,AR-001,escort,asphalt,base_area,0.700859,11.6720965,41.609175,47.128981,66.361208,0,-49.605375,5.0,0.468754,0.999,1,0
2026-07-01 12:45:00+00:00,AR-001,escort,asphalt,open_perimeter,0.666458,10.721602749999999,41.194239,47.086066,65.757394,0,-71.610432,4.0,1.166147,0.999,1,0
2026-07-01 12:50:00+00:00,AR-001,escort,gravel,open_perimeter,0.56527,11.247751749999999,43.980761,46.963936,64.789082,0,-55.26444,5.0,0.605462,0.999,1,0
2026-07-01 12:55:00+00:00,AR-001,escort,gravel,open_perimeter,0.684241,12.024175,44.893346,46.86102,64.050438,0,-65.558446,5.0,0.45,0.999,1,0
2026-07-01 13:00:00+00:00,AR-001,coverage,dry_grass,tree_line,0.870279,15.447785,49.303433,46.664052,63.086557,0,-67.325537,3.0,1.840996,0.999,1,0
2026-07-01 13:05:00+00:00,AR-001,coverage,dry_grass,tree_line,0.811359,14.93046475,49.286674,46.563971,62.072888,0,-67.094495,4.0,1.115139,0.999,1,0
2026-07-01 13:10:00+00:00,AR-001,coverage,dry_grass,tree_line,0.885565,15.48657525,50.23238,46.436603,61.064764,0,-62.381952,4.0,1.237449,0.999,1,0
2026-07-01 13:15:00+00:00,AR-001,coverage,wet_grass,building_shadow,0.674777,16.371150500000002,56.513997,46.339032,60.398942,0,-64.997669,4.0,1.124829,0.999,1,0
2026-07-01 13:20:00+00:00,AR-001,coverage,wet_grass,building_shadow,0.686039,16.42926575,56.042777,46.227276,59.414616,0,-60.779871,4.0,1.070421,0.999,1,0
2026-07-01 13:25:00+00:00,AR-001,coverage,mud,building_shadow,0.540598,16.95195675,63.909681,46.107275,58.464521,0,-70.536855,3.0,2.049484,0.999,1,0
2026-07-01 13:30:00+00:00,AR-001,perimeter,mud,remote_edge,0.552686,17.60287075,63.510266,45.993371,57.598625,0,-76.844778,3.0,1.838558,0.999,1,0
2026-07-01 13:35:00+00:00,AR-001,perimeter,mud,remote_edge,0.54475,16.81182075,61.257291,45.917682,56.73919,0,-84.057864,3.0,1.823603,0.999,1,0
2026-07-01 13:40:00+00:00,AR-001,perimeter,sand,remote_edge,0.508062,19.1884665,70.06008,45.758129,55.866334,0,-93.123526,4.0,1.129433,0.9969,1,0
2026-07-01 13:45:00+00:00,AR-001,perimeter,sand,base_area,0.467132,17.92341675,69.244559,45.697068,55.027475,0,-51.553112,5.0,0.594373,0.999,1,0
2026-07-01 13:50:00+00:00,AR-001,perimeter,rocky,base_area,0.760729,12.60669425,42.294414,45.732598,54.110462,0,-48.277826,5.0,0.711043,0.999,1,0
2026-07-01 13:55:00+00:00,AR-001,perimeter,rocky,base_area,0.724012,12.07277475,42.105764,45.657272,53.313968,0,-48.190692,4.0,1.188986,0.999,1,0
2026-07-01 14:00:00+00:00,AR-001,coverage,asphalt,open_perimeter,1.069141,14.7185205,44.478071,45.472619,52.279467,0,-54.814199,5.0,0.589845,0.999,1,0
2026-07-01 14:05:00+00:00,AR-001,coverage,asphalt,open_perimeter,0.988481,13.91352075,44.524927,45.418081,51.605649,0,-54.489034,5.0,0.567347,0.999,1,0
2026-07-01 14:10:00+00:00,AR-001,coverage,asphalt,open_perimeter,0.972243,13.681378,45.342716,45.299299,50.491205,0,-60.300599,4.0,1.23767,0.999,1,0
2026-07-01 14:15:00+00:00,AR-001,coverage,gravel,tree_line,0.887907,14.560457249999999,47.224186,45.183844,49.66443,0,-62.016801,4.0,1.17157,0.999,1,0
2026-07-01 14:20:00+00:00,AR-001,coverage,gravel,tree_line,0.894437,14.701559499999998,46.361053,45.091301,48.870907,0,-64.995059,4.0,1.242743,0.999,1,0
2026-07-01 14:25:00+00:00,AR-001,coverage,dry_grass,tree_line,0.835383,15.113456,46.444782,44.99557,48.111788,0,-71.97265,4.0,1.219132,0.999,1,0
2026-07-01 14:30:00+00:00,AR-001,incident_response,dry_grass,building_shadow,1.237698,19.72215975,50.124709,44.771121,47.177651,0,-78.077656,4.0,1.193025,0.984,1,0
2026-07-01 14:35:00+00:00,AR-001,incident_response,dry_grass,building_shadow,1.15927,18.6465175,47.722057,44.693975,46.23915,0,-75.711847,4.0,1.13428,0.984,1,0
2026-07-01 14:40:00+00:00,AR-001,incident_response,wet_grass,building_shadow,1.024955,21.3357095,53.777343,44.518686,45.298342,0,-74.031406,4.0,1.161055,0.984,1,0
2026-07-01 14:45:00+00:00,AR-001,incident_response,wet_grass,remote_edge,1.044368,21.502524,53.665765,44.402377,44.298597,0,-73.273656,3.0,1.88046,0.984,1,0
2026-07-01 14:50:00+00:00,AR-001,incident_response,mud,remote_edge,0.867213,24.15124025,61.713301,44.264249,43.680188,0,-66.029439,2.0,2.411483,0.984,1,0
2026-07-01 14:55:00+00:00,AR-001,incident_response,mud,remote_edge,0.821467,22.88095525,61.190746,44.172137,42.562872,0,-75.591913,3.0,1.916698,0.984,1,0
2026-07-01 15:00:00+00:00,AR-001,coverage,sand,base_area,0.455377,18.572155249999998,67.652285,44.224759,41.714057,0,-57.070299,5.0,0.45,0.999,1,0
2026-07-01 15:05:00+00:00,AR-001,coverage,sand,base_area,0.455041,18.1281405,69.012429,44.106959,40.877596,0,-47.772386,5.0,0.591399,0.999,1,0
2026-07-01 15:10:00+00:00,AR-001,coverage,sand,base_area,0.4602,17.550093,70.311704,44.017424,39.943988,0,-50.46807,4.0,1.054849,0.999,1,0
2026-07-01 15:15:00+00:00,AR-001,coverage,rocky,open_perimeter,0.735927,13.10440725,43.235407,44.012111,38.864514,0,-59.540512,4.0,1.220545,0.999,1,0
2026-07-01 15:20:00+00:00,AR-001,coverage,rocky,open_perimeter,0.732681,11.965465250000001,41.06202,43.967026,38.197571,0,-59.749064,5.0,0.64153,0.999,1,0
2026-07-01 15:25:00+00:00,AR-001,coverage,asphalt,open_perimeter,0.915855,13.443586499999999,41.743953,43.818243,37.212285,0,-63.909247,4.0,1.197621,0.999,1,0
2026-07-01 15:30:00+00:00,AR-001,perimeter,asphalt,tree_line,0.988654,14.501409500000001,40.884198,43.692954,36.339202,0,-64.485811,4.0,1.125298,0.999,1,0
2026-07-01 15:35:00+00:00,AR-001,perimeter,asphalt,tree_line,0.994473,14.1430785,40.260955,43.615663,35.565918,0,-57.345163,5.0,0.492364,0.999,1,0
2026-07-01 15:40:00+00:00,AR-001,perimeter,gravel,tree_line,0.844511,14.092349500000001,40.971806,43.53393,34.824382,0,-63.343118,5.0,0.66196,0.999,1,0
2026-07-01 15:45:00+00:00,AR-001,perimeter,gravel,building_shadow,0.882916,14.51513075,38.907622,43.428887,33.984644,0,-68.062424,3.0,1.995615,0.999,1,0
2026-07-01 15:50:00+00:00,AR-001,perimeter,dry_grass,building_shadow,0.79678,14.94336175,41.149413,43.301053,32.942685,0,-74.824454,3.0,2.066999,0.999,1,0
2026-07-01 15:55:00+00:00,AR-001,perimeter,dry_grass,building_shadow,0.779482,14.55903625,42.143693,43.204284,31.989459,0,-82.239208,4.0,1.016354,0.999,1,0
2026-07-01 16:00:00+00:00,AR-001,perimeter,wet_grass,remote_edge,0.677885,15.990728,49.659606,43.058347,31.018803,0,-90.473847,3.0,1.758113,0.9969,1,0
2026-07-01 16:05:00+00:00,AR-001,perimeter,wet_grass,remote_edge,0.661813,15.8762065,49.591686,42.960708,30.120437,0,-83.509364,3.0,1.958672,0.999,1,0
2026-07-01 16:10:00+00:00,AR-001,perimeter,wet_grass,remote_edge,0.66762,16.04165875,50.902505,42.849267,29.163845,0,-83.38483,3.0,1.785042,0.999,1,0
2026-07-01 16:15:00+00:00,AR-001,perimeter,mud,base_area,0.50143,16.37751475,59.030328,42.775688,28.584852,0,-47.34786,5.0,0.625949,0.999,1,0
2026-07-01 16:20:00+00:00,AR-001,perimeter,mud,base_area,0.579285,17.454864,58.05536,42.649421,27.707565,0,-45.785626,5.0,0.627618,0.999,1,0
2026-07-01 16:25:00+00:00,AR-001,perimeter,sand,base_area,0.487071,18.802861749999998,66.714484,42.500085,26.687138,0,-48.274727,5.0,0.638794,0.999,1,0
2026-07-01 16:30:00+00:00,AR-001,perimeter,sand,open_perimeter,0.465832,18.591589250000002,64.925508,42.419964,25.922725,0,-57.488077,5.0,0.713043,0.999,1,0
2026-07-01 16:35:00+00:00,AR-001,perimeter,sand,open_perimeter,0.449755,18.1003485,64.276141,42.313079,24.854359,0,-56.414011,4.0,1.268812,0.999,1,0
2026-07-01 16:40:00+00:00,AR-001,perimeter,rocky,open_perimeter,0.709907,12.247895,36.646005,42.382138,24.112352,0,-61.519491,5.0,0.676103,0.999,1,0
2026-07-01 16:45:00+00:00,AR-001,perimeter,rocky,tree_line,0.717858,12.690394000000001,34.673298,42.275744,23.265129,0,-71.643401,4.0,1.364509,0.999,1,0
2026-07-01 16:50:00+00:00,AR-001,perimeter,asphalt,tree_line,0.884488,14.972439499999998,34.154089,42.138893,22.234995,0,-74.079802,4.0,1.344808,0.999,1,0
2026-07-01 16:55:00+00:00,AR-001,perimeter,asphalt,tree_line,0.932083,13.347223,35.934229,42.059638,21.488087,0,-70.786698,4.0,1.279637,0.999,1,0
2026-07-01 17:00:00+00:00,AR-001,perimeter,gravel,building_shadow,0.737497,13.624595,38.547462,41.9425,20.506603,0,-68.044129,3.0,1.951018,0.9962,1,0
2026-07-01 17:05:00+00:00,AR-001,perimeter,gravel,building_shadow,0.836123,14.701716999999999,38.815346,41.801675,19.499278,0,-66.693941,3.0,2.137045,0.9962,1,0
2026-07-01 17:10:00+00:00,AR-001,perimeter,gravel,building_shadow,0.775983,14.022479,39.884645,41.760713,18.975869,0,-65.581014,3.0,1.995664,0.9962,1,0
2026-07-01 17:15:00+00:00,AR-001,perimeter,dry_grass,remote_edge,0.743697,14.90549675,42.489998,41.614011,17.871016,0,-77.207908,3.0,2.040028,0.9962,1,0
2026-07-01 17:20:00+00:00,AR-001,perimeter,dry_grass,remote_edge,0.694056,13.272753250000001,40.78959,41.524299,16.690991,0,-76.802325,2.0,2.743635,0.9962,1,0
2026-07-01 17:25:00+00:00,AR-001,perimeter,wet_grass,remote_edge,0.653698,16.463106,47.542591,41.369173,16.046549,0,-86.057673,3.0,2.103791,0.9941,1,0
2026-07-01 17:30:00+00:00,AR-001,perimeter,wet_grass,base_area,0.632783,15.49567425,46.975223,41.294868,15.158531,0,-47.846609,5.0,0.891224,0.9962,1,0
2026-07-01 17:35:00+00:00,AR-001,perimeter,wet_grass,base_area,0.657778,16.6943715,45.751476,41.162927,14.258759,0,-49.823558,5.0,0.626643,0.992,1,0
2026-07-01 17:40:00+00:00,AR-001,perimeter,mud,base_area,0.477898,16.92275825,51.238061,41.08092,13.579569,0,-53.257911,5.0,0.715929,0.992,1,0
2026-07-01 17:45:00+00:00,AR-001,perimeter,mud,open_perimeter,0.497206,16.565210250000003,51.910577,40.984368,12.634493,0,-56.612385,4.0,1.412457,0.992,1,0
2026-07-01 17:50:00+00:00,AR-001,return_to_dock,sand,open_perimeter,0.339948,16.00068,60.415809,40.893556,11.692618,0,-55.585242,4.0,1.469762,0.992,1,0
2026-07-01 17:55:00+00:00,AR-001,return_to_dock,sand,open_perimeter,0.338283,15.262977,60.852407,40.767547,10.396289,0,-55.991481,4.0,1.394649,0.992,1,0
2026-07-01 18:00:00+00:00,AR-001,charging,rocky,tree_line,0.0,5.5628530000000005,28.961384,42.461766,10.771427,1,-64.557672,4.0,1.531307,1.0,1,0
2026-07-01 18:05:00+00:00,AR-001,charging,rocky,tree_line,0.0,5.3819155,30.814085,42.851887,14.212651,1,-64.886608,3.0,1.991811,1.0,1,0
2026-07-01 18:10:00+00:00,AR-001,charging,rocky,tree_line,0.0,5.294906,31.56097,43.234874,17.611981,1,-72.548267,4.0,1.460275,1.0,1,0
2026-07-01 18:15:00+00:00,AR-001,charging,asphalt,building_shadow,0.0,5.613313000000001,28.927211,43.601283,20.957407,1,-82.527633,3.0,2.133861,1.0,1,0
2026-07-01 18:20:00+00:00,AR-001,charging,asphalt,building_shadow,0.0,5.82808275,28.085766,44.007771,24.636616,1,-81.746706,3.0,2.218179,1.0,1,0
2026-07-01 18:25:00+00:00,AR-001,charging,gravel,building_shadow,0.0,5.902162499999999,30.15626,44.408373,28.230615,1,-82.215751,2.0,2.800731,1.0,1,0
2026-07-01 18:30:00+00:00,AR-001,charging,gravel,remote_edge,0.0,5.5621925,30.76364,44.806449,31.705944,1,-83.065272,3.0,2.250491,1.0,1,0
2026-07-01 18:35:00+00:00,AR-001,charging,gravel,remote_edge,0.0,5.2411025,28.764049,45.231832,35.429474,1,-73.648427,3.0,2.076022,1.0,1,0
2026-07-01 18:40:00+00:00,AR-001,charging,dry_grass,remote_edge,0.0,5.5367695,30.041568,45.584452,38.646504,1,-75.491608,3.0,2.123575,1.0,1,0
2026-07-01 18:45:00+00:00,AR-001,charging,dry_grass,base_area,0.0,6.1075479999999995,29.861316,45.968798,42.093426,1,-47.194153,3.0,2.237548,1.0,1,0
2026-07-01 18:50:00+00:00,AR-001,charging,wet_grass,base_area,0.0,5.78031625,38.316435,46.396385,45.952442,1,-44.766937,4.0,1.475788,1.0,1,0
2026-07-01 18:55:00+00:00,AR-001,charging,wet_grass,base_area,0.0,5.55318325,38.87191,46.811692,49.607812,1,-52.072716,4.0,1.604981,1.0,1,0
2026-07-01 19:00:00+00:00,AR-001,charging,mud,open_perimeter,0.0,5.70375325,48.478715,47.190042,53.020893,1,-60.431106,4.0,1.532435,1.0,1,0
2026-07-01 19:05:00+00:00,AR-001,charging,mud,open_perimeter,0.0,6.032152,49.211296,47.544232,56.259535,1,-58.737208,3.0,2.194374,1.0,1,0
2026-07-01 19:10:00+00:00,AR-001,charging,mud,open_perimeter,0.0,5.933546250000001,49.963655,47.971514,60.051661,1,-64.99311,3.0,2.042879,1.0,1,0
2026-07-01 19:15:00+00:00,AR-001,charging,sand,tree_line,0.0,6.878183,58.010668,48.353752,63.683788,1,-68.689322,4.0,1.496838,1.0,1,0
2026-07-01 19:20:00+00:00,AR-001,charging,sand,tree_line,0.0,6.334707,56.656929,48.769688,67.271346,1,-62.073115,3.0,2.29527,1.0,1,0
2026-07-01 19:25:00+00:00,AR-001,charging,rocky,tree_line,0.0,5.6104562499999995,28.874107,49.153401,70.529218,1,-65.879199,4.0,1.50533,1.0,1,0
2026-07-01 19:30:00+00:00,AR-001,charging,rocky,building_shadow,0.0,5.18693575,27.360696,49.57981,74.238127,1,-66.432395,2.0,2.850667,1.0,1,0
2026-07-01 19:35:00+00:00,AR-001,charging,rocky,building_shadow,0.0,5.86748525,27.326747,49.940139,77.613332,1,-67.913279,3.0,2.30102,1.0,1,0
2026-07-01 19:40:00+00:00,AR-001,charging,asphalt,building_shadow,0.0,5.57438575,23.630316,50.354829,81.247883,1,-74.734614,3.0,2.175313,1.0,1,0
2026-07-01 19:45:00+00:00,AR-001,charging,asphalt,remote_edge,0.0,5.391201499999999,23.463464,50.780334,85.004514,1,-92.140908,3.0,2.12942,1.0,1,0
2026-07-01 19:50:00+00:00,AR-001,charging,gravel,remote_edge,0.0,5.540708749999999,27.741368,51.157593,88.392561,1,-101.637821,3.0,2.2008,1.0,1,0
2026-07-01 19:55:00+00:00,AR-001,charging,gravel,remote_edge,0.0,5.819403250000001,27.195409,51.515631,91.669063,1,-89.605776,3.0,2.282742,1.0,1,0
2026-07-01 20:00:00+00:00,AR-001,coverage,dry_grass,base_area,0.628444,13.520617,34.35827,50.30468,95.144788,0,-49.064541,5.0,0.737596,0.999,1,0
2026-07-01 20:05:00+00:00,AR-001,coverage,dry_grass,base_area,0.709074,14.2889015,34.873061,50.151253,93.953257,0,-47.985188,5.0,0.839159,0.999,1,0
2026-07-01 20:10:00+00:00,AR-001,coverage,dry_grass,base_area,0.61993,12.9151985,35.497353,50.090345,93.090536,0,-50.38144,4.0,1.443166,0.999,1,0
2026-07-01 20:15:00+00:00,AR-001,coverage,wet_grass,open_perimeter,0.607744,15.0726305,44.14569,49.947664,92.317435,0,-56.54288,5.0,0.655704,0.999,1,0
2026-07-01 20:20:00+00:00,AR-001,coverage,wet_grass,open_perimeter,0.567609,14.63663025,43.174781,49.831575,91.179707,0,-55.531239,4.0,1.463648,0.999,1,0
2026-07-01 20:25:00+00:00,AR-001,coverage,mud,open_perimeter,0.460339,16.20924375,50.369559,49.697824,90.35057,0,-63.370526,5.0,0.873374,0.999,1,0
2026-07-01 20:30:00+00:00,AR-001,coverage,mud,tree_line,0.456898,15.26171575,50.460793,49.657843,89.773635,0,-69.839983,3.0,2.126934,0.999,1,0
2026-07-01 20:35:00+00:00,AR-001,coverage,mud,tree_line,0.486707,15.908959999999999,48.562335,49.536492,88.840399,0,-70.038934,3.0,2.14754,0.999,1,0
2026-07-01 20:40:00+00:00,AR-001,coverage,sand,tree_line,0.461347,17.98562175,56.182221,49.383002,87.952037,0,-73.92159,4.0,1.433892,0.999,1,0
2026-07-01 20:45:00+00:00,AR-001,coverage,sand,building_shadow,0.424412,17.49950975,57.769372,49.268258,86.81469,0,-77.847892,4.0,1.376065,0.999,1,0
2026-07-01 20:50:00+00:00,AR-001,coverage,rocky,building_shadow,0.685076,11.903467249999999,28.435754,49.341573,86.170205,0,-71.492163,3.0,1.932014,0.999,1,0
2026-07-01 20:55:00+00:00,AR-001,coverage,rocky,building_shadow,0.687545,12.320617499999999,29.630848,49.200964,85.011605,0,-70.728853,4.0,1.395493,0.999,1,0
2026-07-01 21:00:00+00:00,AR-001,perimeter,asphalt,remote_edge,0.892628,14.005942749999999,30.275311,49.102324,84.522132,0,-68.833357,3.0,1.988531,0.999,1,0
2026-07-01 21:05:00+00:00,AR-001,perimeter,asphalt,remote_edge,0.82468,13.233497750000002,30.854701,48.966005,83.125677,0,-69.958507,3.0,1.959776,0.999,1,0
2026-07-01 21:10:00+00:00,AR-001,perimeter,asphalt,remote_edge,0.89754,14.024333250000002,32.503718,48.873251,82.481107,0,-80.802836,3.0,1.87952,0.999,1,0
2026-07-01 21:15:00+00:00,AR-001,perimeter,gravel,base_area,0.809508,13.87124975,35.759718,48.76563,81.484661,0,-50.949706,4.0,1.48743,0.999,1,0
2026-07-01 21:20:00+00:00,AR-001,perimeter,gravel,base_area,0.785468,13.77817,34.317288,48.680678,80.70456,0,-48.207191,5.0,0.608912,0.999,1,0
2026-07-01 21:25:00+00:00,AR-001,perimeter,dry_grass,base_area,0.746076,14.400177750000001,35.419575,48.562514,79.793916,0,-53.013579,5.0,0.863397,0.999,1,0
2026-07-01 21:30:00+00:00,AR-001,escort,dry_grass,open_perimeter,0.461041,10.355947500000001,32.416148,48.561704,78.847841,0,-59.0269,4.0,1.293223,0.999,1,0
2026-07-01 21:35:00+00:00,AR-001,escort,dry_grass,open_perimeter,0.55935,12.036072749999999,33.068196,48.420445,77.976629,0,-55.354059,5.0,0.632779,0.999,1,0
2026-07-01 21:40:00+00:00,AR-001,escort,wet_grass,open_perimeter,0.459354,12.288909,38.997739,48.29666,76.930101,0,-61.522833,4.0,1.394575,0.999,1,0
2026-07-01 21:45:00+00:00,AR-001,escort,wet_grass,tree_line,0.531756,14.3667055,38.07978,48.204775,76.352541,0,-66.256859,4.0,1.286791,0.999,1,0
2026-07-01 21:50:00+00:00,AR-001,escort,mud,tree_line,0.338143,12.288918250000002,46.797453,48.152517,75.643111,0,-62.29119,4.0,1.153844,0.999,1,0
2026-07-01 21:55:00+00:00,AR-001,escort,mud,tree_line,0.362007,13.1758345,48.289356,47.990578,74.40312,0,-62.574156,4.0,1.280249,0.999,1,0
2026-07-01 22:00:00+00:00,AR-001,coverage,sand,building_shadow,0.507377,19.30946125,58.377686,47.767199,73.832547,0,-76.13273,3.0,2.015929,0.999,1,0
2026-07-01 22:05:00+00:00,AR-001,coverage,sand,building_shadow,0.494854,18.058169499999998,58.67899,47.656762,72.556023,0,-76.706598,3.0,1.945032,0.999,1,0
2026-07-01 22:10:00+00:00,AR-001,coverage,sand,building_shadow,0.482777,18.519907,60.799539,47.570842,71.896071,0,-83.685522,4.0,1.353298,0.999,1,0
2026-07-01 22:15:00+00:00,AR-001,coverage,rocky,remote_edge,0.760156,13.047414,32.600942,47.608296,70.960076,0,-85.851752,3.0,1.852845,0.999,1,0
2026-07-01 22:20:00+00:00,AR-001,coverage,rocky,remote_edge,0.715874,12.400862,32.368325,47.527343,70.087189,0,-79.426639,3.0,2.020837,0.999,1,0
2026-07-01 22:25:00+00:00,AR-001,coverage,asphalt,remote_edge,0.910366,13.22554825,31.542894,47.421596,69.334466,0,-76.343936,3.0,1.968249,0.999,1,0
2026-07-01 22:30:00+00:00,AR-001,perimeter,asphalt,base_area,0.976993,13.687643999999999,30.752814,47.304048,68.392207,0,-46.00615,5.0,0.707205,0.999,1,0
2026-07-01 22:35:00+00:00,AR-001,perimeter,asphalt,base_area,0.958707,14.0339335,31.061423,47.184998,67.409643,0,-41.06404,5.0,0.542762,0.999,1,0
2026-07-01 22:40:00+00:00,AR-001,perimeter,gravel,base_area,0.85926,13.70766925,31.527644,47.091895,66.502627,0,-49.001008,5.0,0.520951,0.999,1,0
2026-07-01 22:45:00+00:00,AR-001,perimeter,gravel,open_perimeter,0.883141,14.56918825,31.18694,46.976183,65.66948,0,-58.019899,5.0,0.45789,0.999,1,0
2026-07-01 22:50:00+00:00,AR-001,perimeter,dry_grass,open_perimeter,0.804194,14.651888750000001,33.538907,46.88022,64.831868,0,-58.768223,5.0,0.538847,0.999,1,0
2026-07-01 22:55:00+00:00,AR-001,perimeter,dry_grass,open_perimeter,0.829394,14.70449975,33.674712,46.765911,63.823462,0,-61.882228,5.0,0.560768,0.999,1,0
2026-07-01 23:00:00+00:00,AR-001,coverage,wet_grass,tree_line,0.70943,16.23439025,41.471405,46.658682,63.221215,0,-70.539919,3.0,1.864306,0.999,1,0
2026-07-01 23:05:00+00:00,AR-001,coverage,wet_grass,tree_line,0.650981,14.825363,42.159601,46.582845,62.217006,0,-66.397174,4.0,1.288627,0.999,1,0
2026-07-01 23:10:00+00:00,AR-001,coverage,wet_grass,tree_line,0.721387,16.11369275,42.816446,46.422471,61.084166,0,-66.718992,4.0,1.099225,0.999,1,0
2026-07-01 23:15:00+00:00,AR-001,coverage,mud,building_shadow,0.529983,15.7970685,51.253259,46.368253,60.52658,0,-67.505174,4.0,1.108782,0.999,1,0
2026-07-01 23:20:00+00:00,AR-001,coverage,mud,building_shadow,0.526199,16.383675500000003,52.131107,46.232099,59.447097,0,-63.380573,4.0,1.161682,0.999,1,0
2026-07-01 23:25:00+00:00,AR-001,coverage,sand,building_shadow,0.501632,18.2251445,60.076633,46.07768,58.495839,0,,4.0,1.154203,0.999,1,1
2026-07-01 23:30:00+00:00,AR-001,escort,sand,remote_edge,0.399096,15.73540125,58.550906,46.061667,57.774889,0,-79.520108,3.0,1.875762,0.999,1,0
2026-07-01 23:35:00+00:00,AR-001,escort,sand,remote_edge,0.332757,14.661903500000001,58.056824,46.003306,57.004601,0,-84.481166,3.0,1.928888,0.999,1,0
2026-07-01 23:40:00+00:00,AR-001,escort,rocky,remote_edge,0.505431,9.5559535,28.324776,46.014806,55.921971,0,-91.745961,3.0,1.893294,0.9969,1,0
2026-07-01 23:45:00+00:00,AR-001,escort,rocky,base_area,0.592688,11.16451425,29.940776,45.872091,55.021148,0,-49.865111,5.0,0.533115,0.999,1,0
2026-07-01 23:50:00+00:00,AR-001,escort,asphalt,base_area,0.712397,11.66589625,28.853683,45.768208,54.210013,0,-45.424736,5.0,0.572631,0.999,1,0
2026-07-01 23:55:00+00:00,AR-001,escort,asphalt,base_area,0.725319,10.88231475,29.123755,45.684064,53.276824,0,-49.596061,5.0,0.565236,0.999,1,0
2026-07-01 00:00:00+00:00,AR-002,coverage,gravel,tree_line,0.908157,13.8456105,34.734718,50.03458,92.808619,0,-61.749189,4.0,1.285566,0.999,1,0
2026-07-01 00:05:00+00:00,AR-002,coverage,gravel,tree_line,0.927633,14.5915545,36.607333,49.918853,91.948508,0,-56.223544,4.0,1.202283,0.999,1,0
2026-07-01 00:10:00+00:00,AR-002,coverage,gravel,tree_line,0.921888,13.787389249999999,35.672047,49.811543,90.803703,0,-64.491778,4.0,1.240388,0.999,1,0
2026-07-01 00:15:00+00:00,AR-002,coverage,dry_grass,building_shadow,0.768504,13.61703675,34.28858,49.738193,90.109249,0,-72.067432,4.0,1.223416,0.999,1,0
2026-07-01 00:20:00+00:00,AR-002,coverage,dry_grass,building_shadow,0.832076,14.11904175,35.685682,49.631137,89.269928,0,-73.189162,3.0,1.836805,0.999,1,0
2026-07-01 00:25:00+00:00,AR-002,coverage,wet_grass,building_shadow,0.694429,15.4675485,40.931642,49.475576,88.194037,0,-84.179698,4.0,1.254212,0.999,1,0
2026-07-01 00:30:00+00:00,AR-002,coverage,wet_grass,remote_edge,0.782134,16.13043075,41.086602,49.402781,87.697967,0,-88.79282,3.0,1.703343,0.9969,1,0
2026-07-01 00:35:00+00:00,AR-002,coverage,wet_grass,remote_edge,0.681307,14.1510285,40.373865,49.316488,86.467993,0,-80.835687,3.0,1.864122,0.999,1,0
2026-07-01 00:40:00+00:00,AR-002,coverage,mud,remote_edge,0.582269,16.974971,49.762216,49.140399,85.551322,0,-79.063525,3.0,1.763769,0.999,1,0
2026-07-01 00:45:00+00:00,AR-002,coverage,mud,base_area,0.527991,15.70920675,49.735499,49.082482,84.740366,0,-45.371596,5.0,0.602706,0.999,1,0
2026-07-01 00:50:00+00:00,AR-002,coverage,sand,base_area,0.519064,18.4642465,59.739095,48.8927,83.685448,0,-42.615824,5.0,0.568888,0.999,1,0
2026-07-01 00:55:00+00:00,AR-002,coverage,sand,base_area,0.448572,16.77078,60.543345,48.850469,82.915261,0,-46.753614,5.0,0.551841,0.999,1,0
2026-07-01 01:00:00+00:00,AR-002,coverage,rocky,open_perimeter,0.85317,13.186888249999999,34.844219,48.848457,82.065318,0,-56.081519,5.0,0.498098,0.999,1,0
2026-07-01 01:05:00+00:00,AR-002,coverage,rocky,open_perimeter,0.728461,12.104483,32.42495,48.782236,81.222788,0,-56.657499,5.0,0.490139,0.999,1,0
2026-07-01 01:10:00+00:00,AR-002,coverage,rocky,open_perimeter,0.814514,12.66989025,34.749351,48.674295,80.390287,0,-64.385588,5.0,0.481669,0.999,1,0
2026-07-01 01:15:00+00:00,AR-002,coverage,asphalt,tree_line,0.950067,13.27080725,32.987924,48.55773,79.489024,0,-70.065708,5.0,0.61818,0.999,1,0
2026-07-01 01:20:00+00:00,AR-002,coverage,asphalt,tree_line,1.056813,14.3876085,32.849816,48.416857,78.490487,0,-66.374326,4.0,1.129181,0.999,1,0
2026-07-01 01:25:00+00:00,AR-002,coverage,gravel,tree_line,0.791579,12.87618875,33.991398,48.381171,77.820995,0,-67.249262,4.0,1.203316,0.999,1,0
2026-07-01 01:30:00+00:00,AR-002,perimeter,gravel,building_shadow,0.901625,14.239781999999998,33.421603,48.22666,76.757984,0,-66.400006,4.0,1.234144,0.999,1,0
2026-07-01 01:35:00+00:00,AR-002,perimeter,gravel,building_shadow,0.804912,13.63981825,33.480175,48.15495,75.978442,0,-68.204116,3.0,1.965258,0.999,1,0
2026-07-01 01:40:00+00:00,AR-002,perimeter,dry_grass,building_shadow,0.862817,14.545965,35.979508,48.030865,75.080897,0,-67.605242,4.0,1.175722,0.999,1,0
2026-07-01 01:45:00+00:00,AR-002,perimeter,dry_grass,remote_edge,0.756715,13.2955425,36.30109,47.958306,74.142772,0,-72.25348,3.0,1.887838,0.999,1,0
2026-07-01 01:50:00+00:00,AR-002,perimeter,wet_grass,remote_edge,0.714256,15.88789325,44.375251,47.790906,73.249921,0,-77.953001,3.0,1.951881,0.999,1,0
2026-07-01 01:55:00+00:00,AR-002,perimeter,wet_grass,remote_edge,0.652886,14.42056075,45.628686,47.755933,72.597036,0,-89.707523,3.0,1.901007,0.9969,1,0
2026-07-01 02:00:00+00:00,AR-002,perimeter,mud,base_area,0.618905,18.006243499999997,53.706031,47.516565,71.292206,0,-48.277485,5.0,0.45,0.999,1,0
2026-07-01 02:05:00+00:00,AR-002,perimeter,mud,base_area,0.502397,15.00422725,54.260258,47.527028,70.688734,0,-46.758598,5.0,0.601739,0.999,1,0
2026-07-01 02:10:00+00:00,AR-002,perimeter,mud,base_area,0.589625,16.58448475,54.42868,47.363448,69.595038,0,-48.772911,5.0,0.622706,0.999,1,0
2026-07-01 02:15:00+00:00,AR-002,perimeter,sand,open_perimeter,0.454077,16.916162,63.52429,47.250724,68.665573,0,-57.034357,5.0,0.630898,0.999,1,0
2026-07-01 02:20:00+00:00,AR-002,perimeter,sand,open_perimeter,0.538823,18.992560250000004,63.221095,47.134533,68.110171,0,-53.53024,5.0,0.535195,0.999,1,0
2026-07-01 02:25:00+00:00,AR-002,perimeter,rocky,open_perimeter,0.703978,12.0376315,34.129188,47.178713,66.890104,0,-57.817464,5.0,0.52371,0.999,1,0
2026-07-01 02:30:00+00:00,AR-002,coverage,rocky,tree_line,0.883863,12.675124250000001,34.634694,47.0784,66.142439,0,-64.455354,4.0,1.122786,0.999,1,0
2026-07-01 02:35:00+00:00,AR-002,coverage,rocky,tree_line,0.778504,12.473003250000001,33.364656,46.975627,65.177901,0,-63.243881,4.0,1.214957,0.999,1,0
2026-07-01 02:40:00+00:00,AR-002,coverage,asphalt,tree_line,1.031862,13.9061135,35.545653,46.863239,64.507125,0,-68.593376,4.0,1.179625,0.999,1,0
2026-07-01 02:45:00+00:00,AR-002,coverage,asphalt,building_shadow,0.974458,13.345661,34.002476,46.766038,63.509153,0,-83.095169,4.0,1.23897,0.999,1,0
2026-07-01 02:50:00+00:00,AR-002,coverage,gravel,building_shadow,0.90093,14.42034125,37.673654,46.661227,62.822819,0,-75.255632,4.0,1.270642,0.999,1,0
2026-07-01 02:55:00+00:00,AR-002,coverage,gravel,building_shadow,0.791134,12.8854995,38.926472,46.59677,61.891009,0,-79.83243,4.0,1.202503,0.999,1,0
2026-07-01 03:00:00+00:00,AR-002,perimeter,dry_grass,remote_edge,0.909544,15.12409325,41.815321,46.384637,60.516636,0,-76.08273,4.0,1.234826,0.999,1,0
2026-07-01 03:05:00+00:00,AR-002,perimeter,dry_grass,remote_edge,0.809743,13.819446,41.656723,46.339219,59.808259,0,-68.662662,3.0,1.981514,0.999,1,0
2026-07-01 03:10:00+00:00,AR-002,perimeter,dry_grass,remote_edge,0.859284,14.70970925,42.066258,46.222898,58.976345,0,-72.582913,4.0,1.29647,0.999,1,0
2026-07-01 03:15:00+00:00,AR-002,perimeter,wet_grass,base_area,0.652822,14.73639425,48.444468,46.123547,58.095476,0,-45.76267,4.0,1.150553,0.999,1,0
2026-07-01 03:20:00+00:00,AR-002,perimeter,wet_grass,base_area,0.730599,15.90278125,47.276072,46.012303,57.372994,0,-45.700972,5.0,0.45,0.999,1,0
2026-07-01 03:25:00+00:00,AR-002,perimeter,mud,base_area,0.500246,14.86697525,53.279272,45.934897,56.441417,0,-50.708623,5.0,0.521745,0.999,1,0
2026-07-01 03:30:00+00:00,AR-002,perimeter,mud,open_perimeter,0.558108,16.19225,55.068743,45.795768,55.506846,0,-58.055763,4.0,1.19118,0.999,1,0
2026-07-01 03:35:00+00:00,AR-002,perimeter,mud,open_perimeter,0.521687,15.7271585,52.571334,45.715758,54.684504,0,-54.652346,5.0,0.484933,0.999,1,0
2026-07-01 03:40:00+00:00,AR-002,perimeter,sand,open_perimeter,0.607927,20.229585750000002,64.197323,45.532259,54.09132,0,-60.027644,4.0,1.235221,0.999,1,0
2026-07-01 03:45:00+00:00,AR-002,perimeter,sand,tree_line,0.435785,15.778633000000001,63.663125,45.517021,52.922009,0,-68.214211,4.0,1.279196,0.999,1,0
2026-07-01 03:50:00+00:00,AR-002,perimeter,rocky,tree_line,0.792514,12.41713775,37.573511,45.50525,52.036564,0,-56.396718,4.0,1.277009,0.999,1,0
2026-07-01 03:55:00+00:00,AR-002,perimeter,rocky,tree_line,0.709696,10.53467525,37.472659,45.420909,51.04654,0,-56.449445,4.0,1.053637,0.999,1,0
2026-07-01 04:00:00+00:00,AR-002,coverage,asphalt,building_shadow,1.062335,14.30497925,40.851372,45.225885,49.980491,0,-63.630712,3.0,1.882305,0.999,1,0
2026-07-01 04:05:00+00:00,AR-002,coverage,asphalt,building_shadow,0.964095,13.110177,39.133334,45.176223,49.259707,0,-70.029956,3.0,1.780095,0.999,1,0
2026-07-01 04:10:00+00:00,AR-002,coverage,asphalt,building_shadow,1.029648,13.4343605,39.900483,45.0831,48.503514,0,-80.082253,4.0,1.192427,0.999,1,0
2026-07-01 04:15:00+00:00,AR-002,coverage,gravel,remote_edge,0.818485,13.180022000000001,41.016681,45.000572,47.707612,0,-91.385566,3.0,1.783804,0.9969,1,0
2026-07-01 04:20:00+00:00,AR-002,coverage,gravel,remote_edge,0.898881,13.902806250000001,40.666516,44.857588,46.598761,0,-85.131008,4.0,1.205761,0.999,1,0
2026-07-01 04:25:00+00:00,AR-002,coverage,dry_grass,remote_edge,0.783333,14.240195,41.612983,44.769036,45.886435,0,-90.095052,4.0,1.128428,0.9969,1,0
2026-07-01 04:30:00+00:00,AR-002,coverage,dry_grass,base_area,0.907373,14.719141,41.715281,44.635694,44.807069,0,-49.787126,5.0,0.676444,0.999,1,0
2026-07-01 04:35:00+00:00,AR-002,coverage,dry_grass,base_area,0.779379,13.713201,41.203162,44.55578,43.860033,0,-43.381079,5.0,0.61763,0.999,1,0
2026-07-01 04:40:00+00:00,AR-002,coverage,wet_grass,base_area,0.768702,16.30903725,49.781858,44.409558,43.157078,0,-48.743626,5.0,0.644447,0.999,1,0
2026-07-01 04:45:00+00:00,AR-002,coverage,wet_grass,open_perimeter,0.704517,15.71491125,49.380725,44.323203,42.24813,0,-54.910135,5.0,0.453444,0.999,1,0
2026-07-01 04:50:00+00:00,AR-002,coverage,mud,open_perimeter,0.556074,16.300908,58.050839,44.193977,41.230363,0,-54.029918,4.0,1.252856,0.999,1,0
2026-07-01 04:55:00+00:00,AR-002,coverage,mud,open_perimeter,0.508861,15.441153,58.255839,44.123575,40.402188,0,-58.871758,5.0,0.541093,0.999,1,0
2026-07-01 05:00:00+00:00,AR-002,escort,sand,tree_line,0.454254,17.3025685,68.769901,43.957363,39.350267,0,-73.127363,4.0,1.147642,0.999,1,0
2026-07-01 05:05:00+00:00,AR-002,escort,sand,tree_line,0.33685,14.246595000000001,67.754096,43.957721,38.644043,0,-68.842658,4.0,1.348738,0.999,1,0
2026-07-01 05:10:00+00:00,AR-002,escort,sand,tree_line,0.352798,15.157250999999999,68.090767,43.85621,37.949098,0,-71.172829,4.0,1.189216,0.999,1,0
2026-07-01 05:15:00+00:00,AR-002,escort,rocky,building_shadow,0.552763,10.0918765,39.999933,43.870222,36.898307,0,-69.940079,4.0,1.173928,0.999,1,0
2026-07-01 05:20:00+00:00,AR-002,escort,rocky,building_shadow,0.56676,10.4437935,38.956614,43.780581,36.179641,0,-63.662615,3.0,1.801655,0.999,1,0
2026-07-01 05:25:00+00:00,AR-002,escort,asphalt,building_shadow,0.653041,10.6167525,37.589652,43.6724,35.253888,0,-68.732003,3.0,1.862606,0.999,1,0
2026-07-01 05:30:00+00:00,AR-002,coverage,asphalt,remote_edge,1.027238,13.58906775,39.259472,43.485192,34.272394,0,-70.017546,3.0,1.834639,0.999,1,0
2026-07-01 05:35:00+00:00,AR-002,coverage,asphalt,remote_edge,1.008845,13.9765895,39.628005,43.357235,33.21988,0,-69.429406,3.0,1.860312,0.999,1,0
2026-07-01 05:40:00+00:00,AR-002,coverage,gravel,remote_edge,0.94343,14.732391,42.574608,43.25234,32.458766,0,-85.468017,3.0,1.835256,0.999,1,0
2026-07-01 05:45:00+00:00,AR-002,coverage,gravel,base_area,0.82812,13.577835,42.198732,43.18227,31.565123,0,-50.307407,5.0,0.518371,0.999,1,0
2026-07-01 05:50:00+00:00,AR-002,coverage,dry_grass,base_area,0.827122,13.64740925,45.222166,43.046791,30.371639,0,-48.488317,5.0,0.45,0.999,1,0
2026-07-01 05:55:00+00:00,AR-002,coverage,dry_grass,base_area,0.750596,13.655598999999999,46.384422,43.005297,30.003059,0,-49.246846,5.0,0.584316,0.999,1,0
2026-07-01 06:00:00+00:00,AR-002,coverage,wet_grass,open_perimeter,0.79296,17.86729725,55.198549,42.772874,28.905573,0,-58.253057,5.0,0.622389,0.999,1,0
2026-07-01 06:05:00+00:00,AR-002,coverage,wet_grass,open_perimeter,0.665792,15.84653775,53.383217,42.738263,28.127439,0,-57.201812,5.0,0.606658,0.999,1,0
2026-07-01 06:10:00+00:00,AR-002,coverage,wet_grass,open_perimeter,0.679878,15.2785465,54.100972,42.651457,27.220531,0,-57.248228,4.0,1.154115,0.999,1,0
2026-07-01 06:15:00+00:00,AR-002,coverage,mud,tree_line,0.542355,16.445341,61.337358,42.533797,26.440854,0,-60.914753,5.0,0.556682,0.999,1,0
2026-07-01 06:20:00+00:00,AR-002,coverage,mud,tree_line,0.549194,16.44875975,60.595261,42.455984,25.746888,0,-59.655236,4.0,1.228209,0.999,1,0
2026-07-01 06:25:00+00:00,AR-002,coverage,sand,tree_line,0.463858,17.721449,69.915031,42.291096,24.570121,0,-68.77771,4.0,1.227443,0.999,1,0
2026-07-01 06:30:00+00:00,AR-002,coverage,sand,building_shadow,0.50497,18.170217,69.475779,42.157893,23.484983,0,-76.495866,4.0,1.297368,0.999,1,0
2026-07-01 06:35:00+00:00,AR-002,coverage,sand,building_shadow,0.478812,18.53931425,68.756774,42.065318,22.744113,0,-74.904301,4.0,1.141424,0.999,1,0
2026-07-01 06:40:00+00:00,AR-002,coverage,rocky,building_shadow,0.814584,11.453000750000001,42.098818,42.133821,22.031669,0,-79.092637,4.0,1.141491,0.999,1,0
2026-07-01 06:45:00+00:00,AR-002,coverage,rocky,remote_edge,0.713463,12.135126000000001,42.259208,42.03381,20.976098,0,-85.86237,3.0,1.915879,0.999,1,0
2026-07-01 06:50:00+00:00,AR-002,coverage,asphalt,remote_edge,1.069336,13.736767749999999,44.355556,41.860363,19.799281,0,-76.200476,3.0,1.806501,0.9962,1,0
2026-07-01 06:55:00+00:00,AR-002,coverage,asphalt,remote_edge,1.019443,13.86944725,45.064837,41.803703,19.324184,0,-71.337676,3.0,1.797512,0.9962,1,0
2026-07-01 07:00:00+00:00,AR-002,coverage,gravel,base_area,0.968722,15.413624,47.57871,41.644005,18.256777,0,-46.973167,5.0,0.53016,0.9962,1,0
2026-07-01 07:05:00+00:00,AR-002,coverage,gravel,base_area,0.82067,13.4478235,47.928641,41.614422,17.536298,0,-44.829523,5.0,0.564785,0.9962,1,0
2026-07-01 07:10:00+00:00,AR-002,coverage,gravel,base_area,0.962932,15.050614750000001,49.26591,41.462074,16.548125,0,-50.327361,5.0,0.568268,0.9962,1,0
2026-07-01 07:15:00+00:00,AR-002,coverage,dry_grass,open_perimeter,0.7162,13.0164025,48.518913,41.40082,15.528988,0,-58.927819,4.0,1.208616,0.9962,1,0
2026-07-01 07:20:00+00:00,AR-002,coverage,dry_grass,open_perimeter,0.847349,14.73955875,47.252367,41.271016,14.770042,0,-58.914518,4.0,1.124663,0.992,1,0
2026-07-01 07:25:00+00:00,AR-002,coverage,wet_grass,open_perimeter,0.666349,15.89967875,53.654446,41.157428,14.02518,0,-64.008683,5.0,0.522525,0.992,1,0
2026-07-01 07:30:00+00:00,AR-002,perimeter,wet_grass,tree_line,0.787832,17.202981,54.628524,41.014768,13.053975,0,-68.857845,4.0,1.297498,0.992,1,0
2026-07-01 07:35:00+00:00,AR-002,return_to_dock,wet_grass,tree_line,0.624077,15.34342775,51.689548,40.940918,11.962923,0,-62.48907,4.0,1.227277,0.992,1,0
2026-07-01 07:40:00+00:00,AR-002,return_to_dock,mud,tree_line,0.532173,16.209315,60.544352,40.842021,11.28092,0,-64.433293,5.0,0.579213,0.992,1,0
2026-07-01 07:45:00+00:00,AR-002,return_to_dock,mud,building_shadow,0.453404,14.810053499999999,61.509332,40.78373,10.435638,0,-66.856629,3.0,1.887758,0.992,1,0
2026-07-01 07:50:00+00:00,AR-002,charging,sand,building_shadow,0.0,6.441982250000001,68.719971,42.577305,12.007108,1,-62.407739,4.0,1.260312,1.0,1,0
2026-07-01 07:55:00+00:00,AR-002,charging,sand,building_shadow,0.0,6.75698775,69.64584,42.973666,15.619171,1,-74.388334,4.0,1.225091,1.0,1,0
2026-07-01 08:00:00+00:00,AR-002,charging,rocky,remote_edge,0.0,4.9295245,40.580968,43.396452,18.96982,1,-79.893787,3.0,1.89682,1.0,1,0
2026-07-01 08:05:00+00:00,AR-002,charging,rocky,remote_edge,0.0,5.055535249999999,41.52015,43.802153,22.621404,1,-86.399879,3.0,1.891058,1.0,1,0
2026-07-01 08:10:00+00:00,AR-002,charging,rocky,remote_edge,0.0,5.15807325,41.139739,44.2278,26.445622,1,-89.487573,3.0,1.852822,1.0,1,0
2026-07-01 08:15:00+00:00,AR-002,charging,asphalt,base_area,0.0,4.70608,39.175825,44.595555,29.624225,1,-46.67659,5.0,0.52992,1.0,1,0
2026-07-01 08:20:00+00:00,AR-002,charging,asphalt,base_area,0.0,4.7133395,39.26134,45.016124,33.380987,1,-48.494433,5.0,0.727896,1.0,1,0
2026-07-01 08:25:00+00:00,AR-002,charging,gravel,base_area,0.0,4.8252405,40.403996,45.412559,36.946569,1,-46.370637,5.0,0.493487,1.0,1,0
2026-07-01 08:30:00+00:00,AR-002,charging,gravel,open_perimeter,0.0,4.880406,40.407648,45.810617,40.513459,1,-56.791907,5.0,0.45,1.0,1,0
2026-07-01 08:35:00+00:00,AR-002,charging,gravel,open_perimeter,0.0,4.941036,39.091075,46.181741,43.674416,1,-47.041439,5.0,0.660742,1.0,1,0
2026-07-01 08:40:00+00:00,AR-002,charging,dry_grass,open_perimeter,0.0,4.329448749999999,41.243277,46.610082,47.523642,1,-61.490287,5.0,0.676408,1.0,1,0
2026-07-01 08:45:00+00:00,AR-002,charging,dry_grass,tree_line,0.0,5.7439755,42.242933,46.948711,50.875482,1,-70.033424,4.0,1.139306,1.0,1,0
2026-07-01 08:50:00+00:00,AR-002,charging,wet_grass,tree_line,0.0,5.44834225,51.114283,47.352592,54.412938,1,-69.239017,4.0,1.117492,1.0,1,0
2026-07-01 08:55:00+00:00,AR-002,charging,wet_grass,tree_line,0.0,5.64245925,52.470986,47.771305,58.196511,1,-75.734493,5.0,0.696141,1.0,1,0
2026-07-01 09:00:00+00:00,AR-002,charging,mud,building_shadow,0.0,5.82278075,62.227002,48.143275,61.559527,1,-78.34569,4.0,1.248722,1.0,1,0
2026-07-01 09:05:00+00:00,AR-002,charging,mud,building_shadow,0.0,6.52805775,61.327748,48.540289,65.268018,1,-72.338812,4.0,1.219074,1.0,1,0
2026-07-01 09:10:00+00:00,AR-002,charging,mud,building_shadow,0.0,6.434383,62.934316,48.935971,68.779148,1,-68.86346,4.0,1.247445,1.0,1,0
2026-07-01 09:15:00+00:00,AR-002,charging,sand,remote_edge,0.0,6.21901825,70.42563,49.329686,72.244471,1,-69.280043,3.0,1.793272,1.0,1,0
2026-07-01 09:20:00+00:00,AR-002,charging,sand,remote_edge,0.0,7.975427499999999,69.986418,49.739695,76.00801,1,-63.517994,3.0,1.718903,1.0,1,0
2026-07-01 09:25:00+00:00,AR-002,charging,rocky,remote_edge,0.0,4.61477675,38.884658,50.157845,79.266334,1,-76.66007,4.0,1.165434,1.0,1,0
2026-07-01 09:30:00+00:00,AR-002,charging,rocky,base_area,0.0,4.5756619999999995,38.828886,50.546867,82.730659,1,-50.276214,5.0,0.505497,1.0,1,0
2026-07-01 09:35:00+00:00,AR-002,charging,rocky,base_area,0.0,4.83852275,37.532575,50.956885,86.45256,1,-46.742242,5.0,0.505904,1.0,1,0
2026-07-01 09:40:00+00:00,AR-002,charging,asphalt,base_area,0.0,4.93193475,36.255842,51.35344,90.014914,1,-50.450336,4.0,1.139476,1.0,1,0
2026-07-01 09:45:00+00:00,AR-002,charging,asphalt,open_perimeter,0.0,4.937509,38.285825,51.768237,93.719756,1,-59.8246,4.0,1.244866,1.0,1,0
2026-07-01 09:50:00+00:00,AR-002,coverage,gravel,open_perimeter,0.874137,13.764942249999999,48.185741,50.228535,94.521634,0,-57.934988,5.0,0.484036,0.999,1,0
2026-07-01 09:55:00+00:00,AR-002,coverage,gravel,open_perimeter,0.769511,13.21697975,48.729695,50.150788,93.700261,0,-59.057133,5.0,0.53529,0.999,1,0
2026-07-01 10:00:00+00:00,AR-002,perimeter,dry_grass,tree_line,0.904293,14.77962475,51.901608,49.992472,92.649487,0,-60.210012,4.0,1.181554,0.999,1,0
2026-07-01 10:05:00+00:00,AR-002,perimeter,dry_grass,tree_line,0.780783,14.1250265,51.459589,49.916039,91.815084,0,-56.691953,5.0,0.45,0.999,1,0
2026-07-01 10:10:00+00:00,AR-002,perimeter,dry_grass,tree_line,0.829784,14.98169325,51.318986,49.793747,90.922067,0,-65.554763,4.0,1.300459,0.999,1,0
2026-07-01 10:15:00+00:00,AR-002,perimeter,wet_grass,building_shadow,0.614773,14.31417775,56.793343,49.734484,90.237969,0,-70.307742,4.0,1.176926,0.999,1,0
2026-07-01 10:20:00+00:00,AR-002,perimeter,wet_grass,building_shadow,0.719729,16.2860585,56.060998,49.545059,89.004433,0,-73.486528,3.0,1.923782,0.999,1,0
2026-07-01 10:25:00+00:00,AR-002,perimeter,mud,building_shadow,0.588466,17.69200275,64.397757,49.435353,88.351295,0,-80.20367,4.0,1.114635,0.999,1,0
2026-07-01 10:30:00+00:00,AR-002,perimeter,mud,remote_edge,0.675309,19.52589325,63.435332,49.250863,87.129787,0,-89.819981,4.0,1.229307,0.9969,1,0
2026-07-01 10:35:00+00:00,AR-002,perimeter,mud,remote_edge,0.475386,15.035032000000001,62.635977,49.306413,86.583246,0,-85.318141,3.0,1.804737,0.999,1,0
2026-07-01 10:40:00+00:00,AR-002,perimeter,sand,remote_edge,0.623539,21.469133999999997,72.689771,49.025206,85.566099,0,-83.604318,3.0,1.856726,0.999,1,0
2026-07-01 10:45:00+00:00,AR-002,perimeter,sand,base_area,0.454422,17.547573749999998,72.584984,49.007425,84.496983,0,-43.764731,5.0,0.663368,0.999,1,0
2026-07-01 10:50:00+00:00,AR-002,perimeter,rocky,base_area,0.812957,12.66991825,45.865389,49.062663,83.857863,0,-44.700017,5.0,0.465425,0.999,1,0
2026-07-01 10:55:00+00:00,AR-002,perimeter,rocky,base_area,0.762143,12.48966175,46.90829,48.968467,82.974986,0,-47.580513,5.0,0.635038,0.999,1,0
2026-07-01 11:00:00+00:00,AR-002,perimeter,asphalt,open_perimeter,1.083857,14.65367825,47.864914,48.813321,82.092113,0,-56.933805,5.0,0.56234,0.999,1,0
2026-07-01 11:05:00+00:00,AR-002,perimeter,asphalt,open_perimeter,0.960961,13.6408895,46.274968,48.734933,81.157111,0,-57.24732,5.0,0.497917,0.999,1,0
2026-07-01 11:10:00+00:00,AR-002,perimeter,asphalt,open_perimeter,1.018948,15.188089,47.455548,48.628056,80.245701,0,-73.40296,5.0,0.549634,0.999,1,0
2026-07-01 11:15:00+00:00,AR-002,perimeter,gravel,tree_line,0.779206,13.29337525,48.068409,48.558741,79.503291,0,-71.956414,4.0,1.255582,0.999,1,0
2026-07-01 11:20:00+00:00,AR-002,perimeter,gravel,tree_line,0.860882,14.526720249999999,47.378586,48.424891,78.594512,0,-69.251641,4.0,1.171862,0.999,1,0
2026-07-01 11:25:00+00:00,AR-002,perimeter,dry_grass,tree_line,0.819153,14.2591625,47.68386,48.319582,77.592141,0,-71.004803,4.0,1.174282,0.999,1,0
2026-07-01 11:30:00+00:00,AR-002,incident_response,dry_grass,building_shadow,1.275039,19.832216250000002,51.343272,48.079779,76.74479,0,-69.874624,3.0,1.814623,0.984,1,0
2026-07-01 11:35:00+00:00,AR-002,incident_response,dry_grass,building_shadow,1.220872,19.0616925,49.77114,47.985879,75.72753,0,-58.984697,4.0,1.266581,0.984,1,0
2026-07-01 11:40:00+00:00,AR-002,incident_response,wet_grass,building_shadow,1.09471,21.8794385,57.149888,47.822644,74.924192,0,-68.358773,4.0,1.141162,0.984,1,0
2026-07-01 11:45:00+00:00,AR-002,incident_response,wet_grass,remote_edge,1.037163,20.9967535,57.295623,47.760983,74.168741,0,-72.521348,3.0,1.862508,0.984,1,0
2026-07-01 11:50:00+00:00,AR-002,incident_response,mud,remote_edge,0.882957,23.34978575,66.138999,47.607142,73.3414,0,-76.120596,3.0,1.975207,0.984,1,0
2026-07-01 11:55:00+00:00,AR-002,incident_response,mud,remote_edge,0.790739,22.093003500000002,66.022665,47.547489,72.517032,0,-90.814428,3.0,1.885892,0.9819,1,0
2026-07-01 12:00:00+00:00,AR-002,coverage,sand,base_area,0.59692,20.8731735,74.575343,47.462807,71.477761,0,-49.178798,5.0,0.569345,0.999,1,0
2026-07-01 12:05:00+00:00,AR-002,coverage,sand,base_area,0.486173,18.568447,74.607067,47.407707,70.450777,0,-45.239936,5.0,0.562997,0.999,1,0
2026-07-01 12:10:00+00:00,AR-002,coverage,sand,base_area,0.537733,18.786948,73.901552,47.328599,69.795174,0,-48.011931,5.0,0.544738,0.999,1,0
2026-07-01 12:15:00+00:00,AR-002,coverage,rocky,open_perimeter,0.798437,13.0482565,46.002166,47.377722,68.901577,0,-59.2441,5.0,0.609944,0.999,1,0
2026-07-01 12:20:00+00:00,AR-002,coverage,rocky,open_perimeter,0.869776,13.072513,45.087269,47.265935,67.909108,0,-52.321528,4.0,1.374072,0.999,1,0
2026-07-01 12:25:00+00:00,AR-002,coverage,asphalt,open_perimeter,0.982477,13.56621225,43.339255,47.167208,67.142229,0,-53.703814,5.0,0.51249,0.999,1,0
2026-07-01 12:30:00+00:00,AR-002,coverage,asphalt,tree_line,1.036652,14.40069325,43.551172,47.018456,66.007805,0,-59.411076,5.0,0.465303,0.999,1,0
2026-07-01 12:35:00+00:00,AR-002,coverage,asphalt,tree_line,0.982846,12.870451500000001,42.709626,46.963912,65.16557,0,-64.985067,4.0,1.155758,0.999,1,0
2026-07-01 12:40:00+00:00,AR-002,coverage,gravel,tree_line,0.962404,14.97188825,45.027564,46.808219,64.26329,0,-69.009931,4.0,1.117237,0.999,1,0
2026-07-01 12:45:00+00:00,AR-002,coverage,gravel,building_shadow,0.809128,13.3233895,45.336231,46.760671,63.45606,0,-80.307071,4.0,1.264129,0.999,1,0
2026-07-01 12:50:00+00:00,AR-002,coverage,dry_grass,building_shadow,0.861333,14.308473750000001,47.721235,46.663385,62.816121,0,-78.428325,4.0,1.212751,0.999,1,0
2026-07-01 12:55:00+00:00,AR-002,coverage,dry_grass,building_shadow,0.753222,13.4936025,47.797445,46.573701,61.826207,0,-78.103675,4.0,1.251911,0.999,1,0
2026-07-01 13:00:00+00:00,AR-002,coverage,wet_grass,remote_edge,0.73433,16.47514775,54.942544,46.398065,60.950172,0,-77.465454,3.0,1.850978,0.999,1,0
2026-07-01 13:05:00+00:00,AR-002,coverage,wet_grass,remote_edge,0.639071,15.1801435,54.380135,46.332004,60.059709,0,-68.538045,3.0,1.923769,0.999,1,0
2026-07-01 13:10:00+00:00,AR-002,coverage,wet_grass,remote_edge,0.733566,16.15649725,55.947085,46.202283,59.12814,0,-71.393624,4.0,1.218515,0.999,1,0
2026-07-01 13:15:00+00:00,AR-002,coverage,mud,base_area,0.508669,16.123531,62.376739,46.10007,58.207874,0,-47.88436,5.0,0.637534,0.999,1,0
2026-07-01 13:20:00+00:00,AR-002,coverage,mud,base_area,0.589784,17.682650250000002,61.693562,45.965186,57.365489,0,-45.190259,5.0,0.490883,0.999,1,0
2026-07-01 13:25:00+00:00,AR-002,coverage,sand,base_area,0.494352,18.577976749999998,69.949575,45.836924,56.428136,0,-53.762672,5.0,0.564117,0.999,1,0
2026-07-01 13:30:00+00:00,AR-002,perimeter,sand,open_perimeter,0.473237,18.068922,69.432559,45.756015,55.587558,0,-61.592214,5.0,0.51935,0.999,1,0
2026-07-01 13:35:00+00:00,AR-002,perimeter,sand,open_perimeter,0.411533,16.58898975,67.782025,45.685208,54.611802,0,-58.197083,5.0,0.643074,0.999,1,0
2026-07-01 13:40:00+00:00,AR-002,perimeter,rocky,open_perimeter,0.791859,12.3632775,40.580414,45.701932,53.78015,0,-59.130239,4.0,1.16609,0.999,1,0
2026-07-01 13:45:00+00:00,AR-002,perimeter,rocky,tree_line,0.720777,12.023822500000001,40.730116,45.596025,52.75575,0,-65.837255,4.0,1.120032,0.999,1,0
2026-07-01 13:50:00+00:00,AR-002,perimeter,asphalt,tree_line,0.91978,13.3891445,41.890706,45.476433,52.004913,0,-62.191564,4.0,1.284725,0.999,1,0
2026-07-01 13:55:00+00:00,AR-002,perimeter,asphalt,tree_line,0.937062,13.273826249999999,42.539014,45.387532,51.184391,0,-63.987281,4.0,1.244714,0.999,1,0
2026-07-01 14:00:00+00:00,AR-002,perimeter,gravel,building_shadow,0.881737,13.973774,45.421721,45.280159,50.388185,0,-65.920712,3.0,2.005815,0.999,1,0
2026-07-01 14:05:00+00:00,AR-002,perimeter,gravel,building_shadow,0.74848,13.243713249999999,44.12511,45.218077,49.549702,0,-66.20701,3.0,2.107911,0.999,1,0
2026-07-01 14:10:00+00:00,AR-002,perimeter,gravel,building_shadow,0.92772,14.629499999999998,46.290527,45.044605,48.437249,0,-80.327798,3.0,1.805964,0.999,1,0
2026-07-01 14:15:00+00:00,AR-002,perimeter,dry_grass,remote_edge,0.677152,12.7851425,44.759903,44.978034,47.414709,0,-87.662296,4.0,1.284741,0.9969,1,0
2026-07-01 14:20:00+00:00,AR-002,perimeter,dry_grass,remote_edge,0.747341,13.9088695,44.188277,44.889472,46.884841,0,-89.239098,3.0,1.9805,0.9969,1,0
2026-07-01 14:25:00+00:00,AR-002,perimeter,wet_grass,remote_edge,0.597627,14.925605000000001,50.340018,44.733628,45.729412,0,-87.819527,3.0,2.178354,0.9969,1,0
2026-07-01 14:30:00+00:00,AR-002,coverage,wet_grass,base_area,0.652124,15.89031675,49.723562,44.632425,45.049757,0,-50.245347,5.0,0.646344,0.999,1,0
2026-07-01 14:35:00+00:00,AR-002,coverage,wet_grass,base_area,0.591633,14.462428,48.359045,44.56139,44.084049,0,-45.90972,4.0,1.584714,0.999,1,0
2026-07-01 14:40:00+00:00,AR-002,coverage,mud,base_area,0.567103,17.890598750000002,58.167689,44.376174,43.226158,0,-49.162327,5.0,0.708269,0.999,1,0
2026-07-01 14:45:00+00:00,AR-002,coverage,mud,open_perimeter,0.406572,14.486043500000001,57.147686,44.351302,42.213741,0,-58.142907,4.0,1.559012,0.999,1,0
2026-07-01 14:50:00+00:00,AR-002,coverage,sand,open_perimeter,0.499208,20.33069575,67.198235,44.10152,41.340341,0,-58.852857,5.0,0.735325,0.999,1,0
2026-07-01 14:55:00+00:00,AR-002,coverage,sand,open_perimeter,0.464783,18.784354,68.275875,44.035956,40.395976,0,-59.389496,4.0,1.279198,0.999,1,0
2026-07-01 15:00:00+00:00,AR-002,coverage,rocky,tree_line,0.629715,11.633401749999999,40.531805,44.133029,39.602653,0,-72.893911,4.0,1.564485,0.999,1,0
2026-07-01 15:05:00+00:00,AR-002,coverage,rocky,tree_line,0.625931,12.1270675,41.093182,44.000696,38.535714,0,-69.004419,4.0,1.46849,0.999,1,0
2026-07-01 15:10:00+00:00,AR-002,coverage,rocky,tree_line,0.702641,13.12625725,40.068051,43.889493,37.774782,0,-72.421204,4.0,1.327096,0.999,1,0
2026-07-01 15:15:00+00:00,AR-002,coverage,asphalt,building_shadow,0.85439,13.1489615,39.2714,43.807679,37.049572,0,-80.300505,3.0,2.079854,0.999,1,0
2026-07-01 15:20:00+00:00,AR-002,coverage,asphalt,building_shadow,0.934338,14.20617275,39.484365,43.626639,35.67857,0,-69.397696,4.0,1.407955,0.999,1,0
2026-07-01 15:25:00+00:00,AR-002,coverage,gravel,building_shadow,0.637482,12.522245999999999,38.804775,43.623706,35.261467,0,-71.029759,3.0,2.097112,0.999,1,0
2026-07-01 15:30:00+00:00,AR-002,perimeter,gravel,remote_edge,0.780728,13.545112,39.514807,43.495016,34.349901,0,-72.11389,3.0,2.010109,0.999,1,0
2026-07-01 15:35:00+00:00,AR-002,perimeter,gravel,remote_edge,0.778083,13.68693825,38.817285,43.411523,33.63735,0,-75.877228,3.0,2.029772,0.999,1,0
2026-07-01 15:40:00+00:00,AR-002,perimeter,dry_grass,remote_edge,0.753777,14.13556075,40.068639,43.271611,32.492285,0,-80.76937,3.0,1.974068,0.999,1,0
2026-07-01 15:45:00+00:00,AR-002,perimeter,dry_grass,base_area,0.699813,13.279204749999998,40.843479,43.208054,31.726016,0,-53.281199,4.0,1.474163,0.999,1,0
2026-07-01 15:50:00+00:00,AR-002,perimeter,wet_grass,base_area,0.717484,16.8140025,48.345383,43.003729,30.722261,0,-46.022496,5.0,0.761358,0.999,1,0
2026-07-01 15:55:00+00:00,AR-002,perimeter,wet_grass,base_area,0.582041,14.390324249999999,48.382398,42.965757,29.820588,0,-51.215351,5.0,0.730416,0.999,1,0
2026-07-01 16:00:00+00:00,AR-002,coverage,mud,open_perimeter,0.540589,17.149994,58.023882,42.813792,29.104395,0,-61.262477,4.0,1.275976,0.999,1,0
2026-07-01 16:05:00+00:00,AR-002,coverage,mud,open_perimeter,0.47656,15.55946825,57.070797,42.737006,28.049571,0,-53.685995,5.0,0.694139,0.999,1,0
2026-07-01 16:10:00+00:00,AR-002,coverage,mud,open_perimeter,0.553876,16.44985725,57.318614,42.630025,27.301082,0,-56.920489,4.0,1.326099,0.999,1,0
2026-07-01 16:15:00+00:00,AR-002,coverage,sand,tree_line,0.460095,17.79128125,65.499828,42.473326,26.213386,0,-61.555539,4.0,1.213792,0.999,1,0
2026-07-01 16:20:00+00:00,AR-002,coverage,sand,tree_line,0.548722,19.915438,65.219389,42.349708,25.602765,0,-55.726522,4.0,1.406808,0.999,1,0
2026-07-01 16:25:00+00:00,AR-002,coverage,rocky,tree_line,0.683616,11.1646515,36.204624,42.44352,24.408941,0,-66.554323,4.0,1.261965,0.999,1,0
2026-07-01 16:30:00+00:00,AR-002,coverage,rocky,building_shadow,0.818355,13.24488775,36.091804,42.311764,23.71546,0,-75.056694,4.0,1.158914,0.999,1,0
2026-07-01 16:35:00+00:00,AR-002,coverage,rocky,building_shadow,0.704912,11.49540025,35.461498,42.234594,22.620306,0,-77.96289,4.0,1.242316,0.999,1,0
2026-07-01 16:40:00+00:00,AR-002,coverage,asphalt,building_shadow,1.067602,14.500942499999999,36.264965,42.102396,22.137685,0,-83.617594,4.0,1.206459,0.999,1,0
2026-07-01 16:45:00+00:00,AR-002,coverage,asphalt,remote_edge,0.946448,13.014355499999999,36.059415,42.028859,21.136003,0,-88.458027,3.0,1.943738,0.9969,1,0
2026-07-01 16:50:00+00:00,AR-002,coverage,gravel,remote_edge,0.892409,14.04882525,38.871293,41.876098,20.012206,0,-79.255736,3.0,1.959491,0.9962,1,0
2026-07-01 16:55:00+00:00,AR-002,coverage,gravel,remote_edge,0.855976,13.55059675,39.963543,41.801076,19.226712,0,-73.77571,4.0,1.276774,0.9962,1,0
2026-07-01 17:00:00+00:00,AR-002,perimeter,dry_grass,base_area,0.894115,15.112341,40.842934,41.640951,18.159566,0,-46.230769,5.0,0.559975,0.9962,1,0
2026-07-01 17:05:00+00:00,AR-002,perimeter,dry_grass,base_area,0.727472,12.726046,40.140655,41.617992,17.400622,0,-45.540472,5.0,0.639677,0.9962,1,0
2026-07-01 17:10:00+00:00,AR-002,perimeter,dry_grass,base_area,0.858387,14.8425595,41.741332,41.471546,16.584402,0,-45.04898,5.0,0.545523,0.9962,1,0
2026-07-01 17:15:00+00:00,AR-002,perimeter,wet_grass,open_perimeter,0.679339,15.31425375,47.194452,41.368801,15.776531,0,-60.52665,5.0,0.553291,0.9962,1,0
2026-07-01 17:20:00+00:00,AR-002,perimeter,wet_grass,open_perimeter,0.783724,16.6113025,46.447577,41.242213,14.947387,0,-58.970335,5.0,0.593243,0.992,1,0
2026-07-01 17:25:00+00:00,AR-002,perimeter,mud,open_perimeter,0.459698,14.490407750000001,52.285338,41.18873,13.977505,0,-60.917812,5.0,0.584733,0.992,1,0
2026-07-01 17:30:00+00:00,AR-002,perimeter,mud,tree_line,0.596326,16.53707475,52.125978,41.030874,13.043199,0,-72.404451,4.0,1.176542,0.992,1,0
2026-07-01 17:35:00+00:00,AR-002,perimeter,mud,tree_line,0.492757,15.0285335,51.065203,40.982389,12.2601,0,-64.119046,4.0,1.252536,0.992,1,0
2026-07-01 17:40:00+00:00,AR-002,return_to_dock,sand,tree_line,0.546263,18.80252,61.164329,40.771243,11.250971,0,-64.676754,5.0,0.45,0.992,1,0
2026-07-01 17:45:00+00:00,AR-002,return_to_dock,sand,building_shadow,0.363335,14.288416000000002,60.401959,40.800325,10.462716,0,-62.156447,4.0,1.123492,0.992,1,0
2026-07-01 17:50:00+00:00,AR-002,charging,rocky,building_shadow,0.0,4.8521915,27.547448,42.60767,11.909169,1,-59.914573,4.0,1.259567,1.0,1,0
2026-07-01 17:55:00+00:00,AR-002,charging,rocky,building_shadow,0.0,4.6022055,29.668378,43.029118,15.614063,1,-70.472972,4.0,1.231749,1.0,1,0
2026-07-01 18:00:00+00:00,AR-002,charging,asphalt,remote_edge,0.0,4.9947177499999995,27.84501,43.418108,19.178306,1,-79.881049,4.0,1.13424,1.0,1,0
2026-07-01 18:05:00+00:00,AR-002,charging,asphalt,remote_edge,0.0,5.14713125,29.309128,43.805735,22.674651,1,-83.328647,4.0,1.139685,1.0,1,0
2026-07-01 18:10:00+00:00,AR-002,charging,asphalt,remote_edge,0.0,4.843301,27.650373,44.184086,25.982249,1,-92.060844,4.0,1.18093,1.0,1,0
2026-07-01 18:15:00+00:00,AR-002,charging,gravel,base_area,0.0,5.0940382500000005,30.164632,44.606446,29.811526,1,-51.663028,5.0,0.648263,1.0,1,0
2026-07-01 18:20:00+00:00,AR-002,charging,gravel,base_area,0.0,4.60243075,28.794156,44.999106,33.2033,1,-45.998831,5.0,0.579051,1.0,1,0
2026-07-01 18:25:00+00:00,AR-002,charging,dry_grass,base_area,0.0,5.12777625,30.011493,45.386669,36.785636,1,-44.762602,5.0,0.570536,1.0,1,0
2026-07-01 18:30:00+00:00,AR-002,charging,dry_grass,open_perimeter,0.0,4.876219,28.492532,45.797832,40.398334,1,-54.96522,5.0,0.597907,1.0,1,0
2026-07-01 18:35:00+00:00,AR-002,charging,dry_grass,open_perimeter,0.0,4.6063565,29.17409,46.185281,43.795059,1,-51.230317,5.0,0.45,1.0,1,0
2026-07-01 18:40:00+00:00,AR-002,charging,wet_grass,open_perimeter,0.0,4.568916999999999,37.742943,46.578409,47.296438,1,-58.142208,5.0,0.553444,1.0,1,0
2026-07-01 18:45:00+00:00,AR-002,charging,wet_grass,tree_line,0.0,4.5066035,37.002571,46.986443,50.979016,1,-54.712478,3.0,1.824786,1.0,1,0
2026-07-01 18:50:00+00:00,AR-002,charging,mud,tree_line,0.0,5.04900475,46.388971,47.369863,54.474435,1,-68.795292,4.0,1.040834,1.0,1,0
2026-07-01 18:55:00+00:00,AR-002,charging,mud,tree_line,0.0,5.22907425,47.0767,47.7899,58.266574,1,-73.120374,4.0,1.212442,1.0,1,0
2026-07-01 19:00:00+00:00,AR-002,charging,sand,building_shadow,0.0,5.642699,58.188012,48.137347,61.464796,1,-78.203096,4.0,1.194736,1.0,1,0
2026-07-01 19:05:00+00:00,AR-002,charging,sand,building_shadow,0.0,6.0983160000000005,57.566094,48.533025,65.103404,1,-74.503727,4.0,1.349646,1.0,1,0
2026-07-01 19:10:00+00:00,AR-002,charging,sand,building_shadow,0.0,5.6688185,56.575088,48.931331,68.559999,1,-72.178063,4.0,1.132152,1.0,1,0
2026-07-01 19:15:00+00:00,AR-002,charging,rocky,remote_edge,0.0,4.513101750000001,27.96035,49.389692,72.384224,1,-70.491557,3.0,1.812412,1.0,1,0
2026-07-01 19:20:00+00:00,AR-002,charging,rocky,remote_edge,0.0,4.6865875,25.868571,49.751187,75.652123,1,-65.511591,3.0,1.834039,1.0,1,0
2026-07-01 19:25:00+00:00,AR-002,charging,asphalt,remote_edge,0.0,5.12846675,24.261502,50.16253,79.42741,1,-71.30606,2.0,2.480048,1.0,1,0
2026-07-01 19:30:00+00:00,AR-002,charging,asphalt,base_area,0.0,5.05324075,24.012542,50.543167,82.80849,1,-48.329632,5.0,0.5396,1.0,1,0
2026-07-01 19:35:00+00:00,AR-002,charging,asphalt,base_area,0.0,5.039046000000001,22.079631,50.915641,86.130862,1,-48.442505,5.0,0.567259,1.0,1,0
2026-07-01 19:40:00+00:00,AR-002,charging,gravel,base_area,0.0,4.5389159999999995,24.920806,51.348412,89.878787,1,-52.366198,5.0,0.624479,1.0,1,0
2026-07-01 19:45:00+00:00,AR-002,charging,gravel,open_perimeter,0.0,4.5879175,26.002069,51.736976,93.359478,1,-60.304963,5.0,0.538349,1.0,1,0
2026-07-01 19:50:00+00:00,AR-002,coverage,dry_grass,open_perimeter,0.951453,16.062484750000003,35.870265,50.173958,94.567705,0,-58.367339,5.0,0.462647,0.999,1,0
2026-07-01 19:55:00+00:00,AR-002,coverage,dry_grass,open_perimeter,0.750572,13.21778725,35.031435,50.147225,93.66864,0,-60.902032,4.0,1.28662,0.999,1,0
2026-07-01 20:00:00+00:00,AR-002,coverage,wet_grass,tree_line,0.747091,16.159428000000002,42.827134,49.979035,92.849821,0,-61.592881,4.0,1.125789,0.999,1,0
2026-07-01 20:05:00+00:00,AR-002,coverage,wet_grass,tree_line,0.702663,15.44547425,41.732031,49.885474,91.848721,0,-60.35582,4.0,1.147381,0.999,1,0
2026-07-01 20:10:00+00:00,AR-002,coverage,wet_grass,tree_line,0.739193,16.010635,43.865968,49.767449,90.92612,0,-63.355876,5.0,0.659881,0.999,1,0
2026-07-01 20:15:00+00:00,AR-002,coverage,mud,building_shadow,0.454892,13.876553750000001,49.726295,49.723576,90.038982,0,-69.063643,3.0,1.777917,0.999,1,0
2026-07-01 20:20:00+00:00,AR-002,coverage,mud,building_shadow,0.514698,14.900358500000001,49.653437,49.5848,89.037583,0,-72.985553,4.0,1.251815,0.999,1,0
2026-07-01 20:25:00+00:00,AR-002,coverage,sand,building_shadow,0.42992,16.518958249999997,56.303404,49.477104,88.358579,0,-88.256666,4.0,1.245464,0.999,1,0
2026-07-01 20:30:00+00:00,AR-002,pursuit,sand,remote_edge,0.850802,25.833414,59.09968,49.109166,87.328884,0,-88.62722,3.0,1.886447,0.9819,1,0
2026-07-01 20:35:00+00:00,AR-002,pursuit,sand,remote_edge,0.792806,24.61195975,58.609121,49.044132,86.464673,0,-86.566629,3.0,1.868296,0.9819,1,0
2026-07-01 20:40:00+00:00,AR-002,pursuit,rocky,remote_edge,1.238325,16.43883375,32.581106,49.158364,85.587264,0,-82.125091,3.0,1.778068,0.984,1,0
2026-07-01 20:45:00+00:00,AR-002,pursuit,rocky,base_area,1.190479,16.52499225,33.718755,49.083646,84.940138,0,-48.22244,5.0,0.460037,0.984,1,0
2026-07-01 20:50:00+00:00,AR-002,pursuit,asphalt,base_area,1.547697,18.05116325,33.639392,48.939532,84.007702,0,-43.9653,5.0,0.487577,0.984,1,0
2026-07-01 20:55:00+00:00,AR-002,pursuit,asphalt,base_area,1.574723,18.703711749999997,35.040693,48.79735,82.889697,0,-50.364662,5.0,0.691986,0.984,1,0
2026-07-01 21:00:00+00:00,AR-002,perimeter,gravel,open_perimeter,0.916954,14.18634275,33.998174,48.816341,82.010593,0,-59.65557,5.0,0.652912,0.999,1,0
2026-07-01 21:05:00+00:00,AR-002,perimeter,gravel,open_perimeter,0.806082,12.971035500000001,32.410571,48.747262,81.111688,0,-58.312324,4.0,1.141007,0.999,1,0
2026-07-01 21:10:00+00:00,AR-002,perimeter,gravel,open_perimeter,0.913293,13.853861,35.606619,48.636518,80.327843,0,-57.314204,5.0,0.45,0.999,1,0
2026-07-01 21:15:00+00:00,AR-002,perimeter,dry_grass,tree_line,0.762272,13.22726825,34.285226,48.547044,79.383506,0,-70.632633,4.0,1.171764,0.999,1,0
2026-07-01 21:20:00+00:00,AR-002,perimeter,dry_grass,tree_line,0.856348,14.287814,33.9824,48.431599,78.598951,0,-68.940946,4.0,1.207384,0.999,1,0
2026-07-01 21:25:00+00:00,AR-002,perimeter,wet_grass,tree_line,0.658893,14.791052,38.219482,48.348429,77.973186,0,-71.91504,4.0,1.192286,0.999,1,0
2026-07-01 21:30:00+00:00,AR-002,coverage,wet_grass,building_shadow,0.792263,16.33981675,40.165781,48.178552,76.81596,0,-71.556339,4.0,1.354919,0.999,1,0
2026-07-01 21:35:00+00:00,AR-002,coverage,wet_grass,building_shadow,0.630755,14.178239500000002,38.704995,48.132826,75.905896,0,-67.368301,4.0,1.173899,0.999,1,0
2026-07-01 21:40:00+00:00,AR-002,coverage,mud,building_shadow,0.58018,16.25343925,47.604832,47.981344,75.035119,0,-66.953889,4.0,1.144326,0.999,1,0
2026-07-01 21:45:00+00:00,AR-002,coverage,mud,remote_edge,0.468786,14.7691585,47.252521,47.900727,73.970762,0,-74.103576,3.0,1.811473,0.999,1,0
2026-07-01 21:50:00+00:00,AR-002,coverage,sand,remote_edge,0.525563,17.7931235,58.089816,47.740106,73.238635,0,-75.270349,3.0,1.926909,0.999,1,0
2026-07-01 21:55:00+00:00,AR-002,coverage,sand,remote_edge,0.5155,18.331115750000002,58.828871,47.646815,72.530569,0,-84.323037,3.0,1.826606,0.999,1,0
2026-07-01 22:00:00+00:00,AR-002,coverage,rocky,base_area,0.751536,13.1063115,31.559493,47.650491,71.350489,0,-47.524969,5.0,0.67204,0.999,1,0
2026-07-01 22:05:00+00:00,AR-002,coverage,rocky,base_area,0.718006,11.383613500000001,32.129143,47.598939,70.490299,0,-46.870916,5.0,0.551448,0.999,1,0
2026-07-01 22:10:00+00:00,AR-002,coverage,rocky,base_area,0.800405,12.6050885,32.818915,47.504512,69.930756,0,-50.969017,5.0,0.468916,0.999,1,0
2026-07-01 22:15:00+00:00,AR-002,coverage,asphalt,open_perimeter,0.944764,13.049468,31.149626,47.369253,68.826241,0,-58.14962,5.0,0.572597,0.999,1,0
2026-07-01 22:20:00+00:00,AR-002,coverage,asphalt,open_perimeter,1.062018,14.30227725,29.633738,47.229249,67.867033,0,-53.905471,5.0,0.561941,0.999,1,0
2026-07-01 22:25:00+00:00,AR-002,coverage,gravel,open_perimeter,0.885144,14.17052475,31.180963,47.130688,66.956448,0,-54.87173,4.0,1.159199,0.999,1,0
2026-07-01 22:30:00+00:00,AR-002,escort,gravel,tree_line,0.649288,11.1937015,29.78755,47.123017,66.196905,0,-64.401967,4.0,1.107532,0.999,1,0
2026-07-01 22:35:00+00:00,AR-002,escort,gravel,tree_line,0.528419,10.693286999999998,28.346069,47.046384,65.39651,0,-59.990129,5.0,0.685348,0.999,1,0
2026-07-01 22:40:00+00:00,AR-002,escort,dry_grass,tree_line,0.62568,11.8100785,30.407499,46.888892,64.249588,0,-68.476344,4.0,1.287077,0.999,1,0
2026-07-01 22:45:00+00:00,AR-002,escort,dry_grass,building_shadow,0.542478,11.098416749999998,31.743073,46.841796,63.663881,0,-80.399804,3.0,1.947788,0.999,1,0
2026-07-01 22:50:00+00:00,AR-002,escort,wet_grass,building_shadow,0.54119,12.8199165,39.345259,46.663967,62.475759,0,-80.556305,3.0,1.887194,0.999,1,0
2026-07-01 22:55:00+00:00,AR-002,escort,wet_grass,building_shadow,0.432795,11.4421065,38.393966,46.62034,61.766386,0,-78.25216,4.0,1.268825,0.999,1,0
2026-07-01 23:00:00+00:00,AR-002,coverage,mud,remote_edge,0.538765,15.9388085,51.197251,46.421887,61.038359,0,-77.740663,4.0,1.185306,0.999,1,0
2026-07-01 23:05:00+00:00,AR-002,coverage,mud,remote_edge,0.502196,15.02946675,50.708538,46.350961,60.193995,0,-74.546978,3.0,1.882843,0.999,1,0
2026-07-01 23:10:00+00:00,AR-002,coverage,mud,remote_edge,0.55419,16.509947750000002,50.022507,46.200844,59.197345,0,-69.055069,3.0,1.823934,0.999,1,0
2026-07-01 23:15:00+00:00,AR-002,coverage,sand,base_area,0.441628,16.2996515,57.898462,46.107867,58.318373,0,-50.341343,,0.451655,0.999,1,1
2026-07-01 23:20:00+00:00,AR-002,coverage,sand,base_area,0.55442,19.34964625,57.905418,45.921998,57.366865,0,-47.044211,5.0,0.45,0.999,1,0
2026-07-01 23:25:00+00:00,AR-002,coverage,rocky,base_area,0.748639,11.7934685,29.67854,46.012734,56.42289,0,-51.311574,5.0,0.51136,0.999,1,0
2026-07-01 23:30:00+00:00,AR-002,perimeter,rocky,open_perimeter,0.776521,12.02068875,29.521031,45.898476,55.45548,0,-60.505306,5.0,0.523837,0.999,1,0
2026-07-01 23:35:00+00:00,AR-002,perimeter,rocky,open_perimeter,0.70308,11.46407125,28.357972,45.812831,54.561576,0,-58.730038,4.0,1.226925,0.999,1,0
2026-07-01 23:40:00+00:00,AR-002,perimeter,asphalt,open_perimeter,1.051932,13.378110750000001,28.86124,45.681683,53.834949,0,-62.274174,4.0,1.28618,0.999,1,0
2026-07-01 23:45:00+00:00,AR-002,perimeter,asphalt,tree_line,0.907075,13.120970999999999,28.840912,45.587167,52.93136,0,-66.706943,5.0,0.670899,0.999,1,0
2026-07-01 23:50:00+00:00,AR-002,perimeter,gravel,tree_line,0.922359,14.02796675,33.80375,45.457234,51.981796,0,-58.628925,4.0,1.295241,0.999,1,0
2026-07-01 23:55:00+00:00,AR-002,perimeter,gravel,tree_line,0.836014,13.880343,33.273385,45.362351,51.100358,0,-61.733155,4.0,1.1114,0.999,1,0
2026-07-01 00:00:00+00:00,AR-003,perimeter,dry_grass,remote_edge,0.906827,15.822986,38.360464,49.733571,90.58008,0,-72.038163,4.0,1.354294,0.999,1,0
2026-07-01 00:05:00+00:00,AR-003,perimeter,dry_grass,remote_edge,0.759753,14.07837475,35.675212,49.679345,89.69092,0,-70.643581,4.0,1.32105,0.999,1,0
2026-07-01 00:10:00+00:00,AR-003,perimeter,dry_grass,remote_edge,0.842692,14.987508250000001,36.901154,49.526514,88.537404,0,-82.749073,4.0,1.127029,0.999,1,0
2026-07-01 00:15:00+00:00,AR-003,perimeter,wet_grass,base_area,0.640808,15.485185750000001,41.851948,49.423674,87.734719,0,-52.970255,5.0,0.502478,0.999,1,0
2026-07-01 00:20:00+00:00,AR-003,perimeter,wet_grass,base_area,0.773136,17.205201000000002,41.564659,49.266363,86.729447,0,-48.339939,5.0,0.626442,0.999,1,0
2026-07-01 00:25:00+00:00,AR-003,perimeter,mud,base_area,0.385918,13.419712749999999,48.838754,49.293902,86.096556,0,-51.912018,5.0,0.543594,0.999,1,0
2026-07-01 00:30:00+00:00,AR-003,perimeter,mud,open_perimeter,0.635311,18.14030975,49.67114,49.068451,85.179457,0,-58.354584,4.0,1.213452,0.999,1,0
2026-07-01 00:35:00+00:00,AR-003,perimeter,sand,open_perimeter,0.456695,17.185404249999998,59.889571,49.013359,84.465891,0,-57.684676,5.0,0.600391,0.999,1,0
2026-07-01 00:40:00+00:00,AR-003,perimeter,sand,open_perimeter,0.636226,22.58018125,61.32756,48.808656,83.89054,0,-57.559291,4.0,1.083473,0.999,1,0
2026-07-01 00:45:00+00:00,AR-003,perimeter,sand,tree_line,0.448219,17.34052775,60.879555,48.789714,82.505065,0,-60.949696,5.0,0.664537,0.999,1,0
2026-07-01 00:50:00+00:00,AR-003,perimeter,rocky,tree_line,0.789965,12.998428,34.652751,48.825918,81.820328,0,-60.029246,4.0,1.355386,0.999,1,0
2026-07-01 00:55:00+00:00,AR-003,perimeter,rocky,tree_line,0.721742,12.024148,34.574914,48.743619,80.859347,0,-67.125168,4.0,1.031458,0.999,1,0
2026-07-01 01:00:00+00:00,AR-003,coverage,asphalt,building_shadow,1.070067,15.325094250000001,35.936901,48.542038,79.825807,0,-77.556746,4.0,1.300489,0.999,1,0
2026-07-01 01:05:00+00:00,AR-003,coverage,asphalt,building_shadow,1.024273,14.5622535,35.601819,48.473014,79.032433,0,-76.895508,4.0,1.210599,0.999,1,0
2026-07-01 01:10:00+00:00,AR-003,coverage,asphalt,building_shadow,1.025064,14.5885095,34.195359,48.372947,78.145078,0,-82.141964,3.0,1.91354,0.999,1,0
2026-07-01 01:15:00+00:00,AR-003,coverage,gravel,remote_edge,0.885064,14.81606975,35.548097,48.275935,77.331725,0,-82.710534,4.0,1.232199,0.999,1,0
2026-07-01 01:20:00+00:00,AR-003,coverage,gravel,remote_edge,0.868746,14.33321275,34.404693,48.162297,76.205006,0,-73.047863,4.0,1.205088,0.999,1,0
2026-07-01 01:25:00+00:00,AR-003,coverage,dry_grass,remote_edge,0.76015,14.099446750000002,35.148479,48.072695,75.350719,0,-75.374621,4.0,1.110059,0.999,1,0
2026-07-01 01:30:00+00:00,AR-003,incident_response,dry_grass,base_area,1.29656,19.633677249999998,39.654139,47.852292,74.667567,0,-47.047324,5.0,0.559871,0.984,1,0
2026-07-01 01:35:00+00:00,AR-003,incident_response,wet_grass,base_area,1.013019,21.441179750000003,45.413538,47.698573,73.693581,0,-57.300917,5.0,0.657698,0.984,1,0
2026-07-01 01:40:00+00:00,AR-003,incident_response,wet_grass,base_area,1.155663,24.012897499999998,47.575522,47.525815,72.769203,0,-50.075453,5.0,0.691287,0.984,1,0
2026-07-01 01:45:00+00:00,AR-003,incident_response,wet_grass,open_perimeter,0.955292,20.000330499999997,48.154199,47.553055,72.080928,0,-58.879302,5.0,0.622164,0.984,1,0
2026-07-01 01:50:00+00:00,AR-003,incident_response,mud,open_perimeter,0.859183,23.830884,58.08572,47.328875,70.968554,0,-60.546261,4.0,1.296922,0.984,1,0
2026-07-01 01:55:00+00:00,AR-003,incident_response,mud,open_perimeter,0.720173,20.481703500000002,57.265276,47.32671,70.171733,0,-60.176466,5.0,0.45,0.984,0,0
2026-07-01 02:00:00+00:00,AR-003,perimeter,sand,tree_line,0.542505,20.641706,66.12435,47.201371,69.089782,0,-67.935599,4.0,1.133984,0.999,1,0
2026-07-01 02:05:00+00:00,AR-003,perimeter,sand,tree_line,0.455102,17.549888250000002,63.658078,47.208261,68.433554,0,-63.896213,4.0,1.156638,0.999,1,0
2026-07-01 02:10:00+00:00,AR-003,perimeter,sand,tree_line,0.522273,18.93293675,62.965751,47.057177,67.405658,0,-63.512194,4.0,1.231335,0.999,1,0
2026-07-01 02:15:00+00:00,AR-003,perimeter,rocky,building_shadow,0.714025,12.5932265,34.200898,47.165664,66.902571,0,-64.366643,4.0,1.16273,0.999,1,0
2026-07-01 02:20:00+00:00,AR-003,perimeter,rocky,building_shadow,0.82441,13.299083249999999,34.279763,46.990776,65.504928,0,-64.519476,4.0,1.191243,0.999,1,0
2026-07-01 02:25:00+00:00,AR-003,perimeter,asphalt,building_shadow,0.934308,13.65450025,34.473519,46.911192,64.876867,0,-74.965303,4.0,1.139224,0.999,1,0
2026-07-01 02:30:00+00:00,AR-003,perimeter,asphalt,remote_edge,1.046794,14.4700865,35.35543,46.779653,63.891741,0,-80.237568,3.0,1.910603,0.999,1,0
2026-07-01 02:35:00+00:00,AR-003,perimeter,gravel,remote_edge,0.82825,14.26273,36.688297,46.690266,63.045508,0,-84.898416,4.0,1.234155,0.999,1,0
2026-07-01 02:40:00+00:00,AR-003,perimeter,gravel,remote_edge,0.971324,15.64657425,38.942998,46.540617,62.030609,0,-90.562195,4.0,1.072478,0.9969,1,0
2026-07-01 02:45:00+00:00,AR-003,perimeter,gravel,base_area,0.893468,13.986041749999998,39.581548,46.521644,61.475722,0,-47.822343,5.0,0.653205,0.999,1,0
2026-07-01 02:50:00+00:00,AR-003,perimeter,dry_grass,base_area,0.833604,14.87476725,41.915879,46.389864,60.505427,0,-46.672566,4.0,1.271207,0.999,1,0
2026-07-01 02:55:00+00:00,AR-003,perimeter,dry_grass,base_area,0.790576,14.196971,42.765022,46.303768,59.579372,0,-50.881095,5.0,0.491756,0.999,1,0
2026-07-01 03:00:00+00:00,AR-003,coverage,wet_grass,open_perimeter,0.744299,17.530713249999998,49.880554,46.100769,58.540786,0,-55.307476,5.0,0.634778,0.999,1,0
2026-07-01 03:05:00+00:00,AR-003,coverage,wet_grass,open_perimeter,0.673799,15.59886325,48.981544,46.04461,57.5909,0,-53.157789,5.0,0.506715,0.999,1,0
2026-07-01 03:10:00+00:00,AR-003,coverage,wet_grass,open_perimeter,0.725841,16.51901925,48.204454,45.965297,57.096352,0,-59.94209,4.0,1.364948,0.999,1,0
2026-07-01 03:15:00+00:00,AR-003,coverage,mud,tree_line,0.438339,15.177503250000001,54.59587,45.867066,55.907864,0,-70.793242,4.0,1.040753,0.999,1,0
2026-07-01 03:20:00+00:00,AR-003,coverage,mud,tree_line,0.623129,18.10261375,55.293349,45.690478,55.01023,0,-70.364155,4.0,1.254982,0.999,1,0
2026-07-01 03:25:00+00:00,AR-003,coverage,sand,tree_line,0.451683,17.27107775,62.966508,45.653965,54.491185,0,-71.055979,5.0,0.45,0.999,1,0
2026-07-01 03:30:00+00:00,AR-003,pursuit,sand,building_shadow,0.877002,28.78881175,66.893116,45.206138,53.166494,0,-80.25521,3.0,1.861184,0.984,1,0
2026-07-01 03:35:00+00:00,AR-003,pursuit,rocky,building_shadow,1.235122,17.6698325,39.278407,45.431586,52.59823,0,-72.861488,4.0,1.154815,0.984,1,0
2026-07-01 03:40:00+00:00,AR-003,pursuit,rocky,building_shadow,1.327349,18.321087249999998,42.369185,45.311371,51.676064,0,-75.19019,4.0,1.037568,0.984,1,0
2026-07-01 03:45:00+00:00,AR-003,pursuit,rocky,remote_edge,1.202917,17.88538575,43.632677,45.212327,50.690594,0,-67.096697,3.0,1.901898,0.984,1,0
2026-07-01 03:50:00+00:00,AR-003,pursuit,asphalt,remote_edge,1.62291,20.726661250000003,44.428011,45.040945,49.819987,0,-67.73672,4.0,1.143843,0.984,1,0
2026-07-01 03:55:00+00:00,AR-003,pursuit,asphalt,remote_edge,1.57274,19.6463785,44.420188,44.975129,48.981559,0,-75.528737,3.0,1.889843,0.984,1,0
2026-07-01 04:00:00+00:00,AR-003,coverage,gravel,base_area,0.89852,14.88177675,43.557374,44.991973,48.025884,0,-44.339317,5.0,0.508664,0.999,1,0
2026-07-01 04:05:00+00:00,AR-003,coverage,gravel,base_area,0.83985,14.3122155,41.657357,44.911335,47.173684,0,-48.064647,5.0,0.45,0.999,1,0
2026-07-01 04:10:00+00:00,AR-003,coverage,gravel,base_area,0.938855,15.25662925,41.826313,44.794276,46.347751,0,-50.129522,5.0,0.537611,0.999,1,0
2026-07-01 04:15:00+00:00,AR-003,coverage,dry_grass,open_perimeter,0.714978,13.465370749999998,41.944886,44.713972,45.214925,0,-60.238153,5.0,0.45,0.999,1,0
2026-07-01 04:20:00+00:00,AR-003,coverage,dry_grass,open_perimeter,0.878967,15.34535825,42.629022,44.56901,44.357051,0,-55.603111,5.0,0.45,0.999,1,0
2026-07-01 04:25:00+00:00,AR-003,coverage,wet_grass,open_perimeter,0.649151,16.2201125,48.130405,44.483797,43.799286,0,-59.992421,5.0,0.634348,0.999,1,0
2026-07-01 04:30:00+00:00,AR-003,pursuit,wet_grass,tree_line,1.129148,23.13251725,51.995638,44.200379,42.873429,0,-61.4926,4.0,1.154647,0.984,1,0
2026-07-01 04:35:00+00:00,AR-003,pursuit,mud,tree_line,0.800761,22.29866075,59.424629,44.097465,41.760984,0,-58.07645,4.0,1.222894,0.984,1,0
2026-07-01 04:40:00+00:00,AR-003,pursuit,mud,tree_line,0.994304,26.00467475,61.788769,43.922826,41.062029,0,-64.400594,4.0,1.129841,0.984,1,0
2026-07-01 04:45:00+00:00,AR-003,pursuit,mud,building_shadow,0.774971,22.162803750000002,61.8139,43.887625,39.855877,0,-73.8027,3.0,1.716672,0.984,1,0
2026-07-01 04:50:00+00:00,AR-003,pursuit,sand,building_shadow,0.894092,29.847854,72.762729,43.611737,39.176618,0,-76.651756,4.0,1.159709,0.984,1,0
2026-07-01 04:55:00+00:00,AR-003,pursuit,sand,building_shadow,0.695865,24.098443500000002,70.711438,43.685863,38.503768,0,-82.490325,4.0,1.201657,0.984,1,0
2026-07-01 05:00:00+00:00,AR-003,pursuit,rocky,remote_edge,1.290984,18.40405775,47.10415,43.707876,37.378409,0,-89.292835,3.0,1.808255,0.9819,1,0
2026-07-01 05:05:00+00:00,AR-003,pursuit,rocky,remote_edge,1.155518,16.29529625,44.36815,43.67727,36.615602,0,-79.648889,4.0,1.164385,0.984,1,0
2026-07-01 05:10:00+00:00,AR-003,pursuit,rocky,remote_edge,1.285508,18.2877125,44.48087,43.546115,35.907101,0,-82.137926,4.0,1.11408,0.984,1,0
2026-07-01 05:15:00+00:00,AR-003,pursuit,asphalt,base_area,1.454716,17.898001999999998,44.793624,43.41989,34.689625,0,-47.035043,5.0,0.751502,0.984,1,0
2026-07-01 05:20:00+00:00,AR-003,pursuit,asphalt,base_area,1.64887,20.91508,45.356482,43.241314,33.795591,0,-41.631693,5.0,0.67649,0.984,1,0
2026-07-01 05:25:00+00:00,AR-003,pursuit,gravel,base_area,1.287445,19.668443500000002,45.581179,43.178318,32.943729,0,-48.34957,5.0,0.531534,0.984,1,0
2026-07-01 05:30:00+00:00,AR-003,perimeter,gravel,open_perimeter,0.930693,14.83469825,43.142617,43.227781,32.263241,0,-57.297916,4.0,1.298676,0.999,1,0
2026-07-01 05:35:00+00:00,AR-003,perimeter,dry_grass,open_perimeter,0.727204,13.92038225,45.280174,43.143277,31.29649,0,-54.791436,4.0,1.281852,0.999,1,0
2026-07-01 05:40:00+00:00,AR-003,perimeter,dry_grass,open_perimeter,0.840617,14.695639250000001,45.878869,43.023333,30.405531,0,-62.672909,5.0,0.659175,0.999,1,0
2026-07-01 05:45:00+00:00,AR-003,perimeter,dry_grass,tree_line,0.776361,14.9328465,46.361617,42.922559,29.560833,0,-73.879793,4.0,1.28429,0.999,1,0
2026-07-01 05:50:00+00:00,AR-003,perimeter,wet_grass,tree_line,0.784815,18.138838999999997,55.080488,42.745507,28.724256,0,-66.999333,5.0,0.586862,0.999,1,0
2026-07-01 05:55:00+00:00,AR-003,perimeter,wet_grass,tree_line,0.680611,16.28563825,55.620612,42.677939,27.690768,0,-68.176614,4.0,1.239343,0.999,1,0
2026-07-01 06:00:00+00:00,AR-003,perimeter,mud,building_shadow,0.576342,18.71073925,64.005677,42.524527,26.883987,0,-67.923424,4.0,1.021979,0.999,1,0
2026-07-01 06:05:00+00:00,AR-003,perimeter,mud,building_shadow,0.482421,15.831495749999998,62.044616,42.511678,26.100864,0,-61.14546,4.0,1.165614,0.999,1,0
2026-07-01 06:10:00+00:00,AR-003,perimeter,mud,building_shadow,0.650404,19.74659325,62.614482,42.283076,24.968638,0,-68.033945,4.0,1.244935,0.999,1,0
2026-07-01 06:15:00+00:00,AR-003,perimeter,sand,remote_edge,0.492974,18.70157775,69.594235,42.20872,24.062148,0,-73.66427,3.0,1.987228,0.999,1,0
2026-07-01 06:20:00+00:00,AR-003,perimeter,sand,remote_edge,0.484035,19.42900975,69.712517,42.086412,23.138983,0,-80.547114,4.0,1.134681,0.999,1,0
2026-07-01 06:25:00+00:00,AR-003,perimeter,rocky,remote_edge,0.772635,13.10540075,42.344997,42.180787,22.513636,0,-90.147397,4.0,1.160782,0.9969,1,1
2026-07-01 06:30:00+00:00,AR-003,coverage,rocky,base_area,0.848746,13.743894000000001,42.661377,42.056739,21.554284,0,-49.930244,5.0,0.587803,0.999,1,0
2026-07-01 06:35:00+00:00,AR-003,coverage,asphalt,base_area,0.949227,14.0535785,42.958644,41.955541,20.722621,0,-47.940533,5.0,0.658519,0.9962,1,0
2026-07-01 06:40:00+00:00,AR-003,coverage,asphalt,base_area,1.074876,15.63843025,44.855442,41.819489,19.875786,0,-48.296394,5.0,0.512938,0.9962,1,0
2026-07-01 06:45:00+00:00,AR-003,coverage,asphalt,open_perimeter,0.876517,13.942232,44.311094,41.720802,18.600889,0,-55.388934,5.0,0.45,0.9962,1,0
2026-07-01 06:50:00+00:00,AR-003,coverage,gravel,open_perimeter,0.897911,14.751638499999999,47.822678,41.647228,18.131882,0,-53.447062,5.0,0.608248,0.9962,1,0
2026-07-01 06:55:00+00:00,AR-003,coverage,gravel,open_perimeter,0.793077,14.5781375,48.08633,41.562799,17.337777,0,-56.770339,5.0,0.48766,0.9962,1,0
2026-07-01 07:00:00+00:00,AR-003,escort,dry_grass,tree_line,0.569485,12.30138075,48.64856,41.469276,15.974215,0,-64.072298,4.0,1.227062,0.9962,1,0
2026-07-01 07:05:00+00:00,AR-003,escort,dry_grass,tree_line,0.464484,10.778456,47.226572,41.433471,15.300988,0,-63.186442,4.0,1.299756,0.9962,1,0
2026-07-01 07:10:00+00:00,AR-003,escort,dry_grass,tree_line,0.629784,12.979716,46.988848,41.281053,14.451122,0,-72.462171,4.0,1.380108,0.992,1,0
2026-07-01 07:15:00+00:00,AR-003,escort,wet_grass,building_shadow,0.45119,12.85691,52.598654,41.186726,13.580408,0,-81.844019,4.0,1.208097,0.992,1,0
2026-07-01 07:20:00+00:00,AR-003,escort,wet_grass,building_shadow,0.526079,13.5163,51.375065,41.0795,12.776107,0,-78.467205,4.0,1.341904,0.992,1,0
2026-07-01 07:25:00+00:00,AR-003,return_to_dock,mud,building_shadow,0.439325,15.041154500000001,60.981165,40.925536,11.755413,0,-78.866767,3.0,1.871359,0.992,1,0
2026-07-01 07:30:00+00:00,AR-003,return_to_dock,mud,remote_edge,0.528545,17.4292865,62.355745,40.768426,10.907027,0,-74.058302,4.0,1.382151,0.992,1,0
2026-07-01 07:35:00+00:00,AR-003,charging,sand,remote_edge,0.0,6.92698925,67.961593,42.346859,10.062154,1,-68.316624,4.0,1.409835,1.0,1,0
2026-07-01 07:40:00+00:00,AR-003,charging,sand,remote_edge,0.0,6.684404499999999,67.901994,42.741354,13.528108,1,-71.006731,3.0,1.859198,1.0,1,0
2026-07-01 07:45:00+00:00,AR-003,charging,sand,base_area,0.0,6.61854275,69.226453,43.152772,17.186195,1,-44.530274,5.0,0.45,1.0,1,0
2026-07-01 07:50:00+00:00,AR-003,charging,rocky,base_area,0.0,4.9118405,41.224433,43.599705,20.780472,1,-43.119929,5.0,0.679319,1.0,1,0
2026-07-01 07:55:00+00:00,AR-003,charging,rocky,base_area,0.0,5.56774825,41.65249,43.968849,24.228662,1,-54.335804,4.0,1.182847,1.0,1,0
2026-07-01 08:00:00+00:00,AR-003,charging,asphalt,open_perimeter,0.0,5.2375,41.114564,44.343144,27.493919,1,-61.285504,5.0,0.501897,1.0,1,0
2026-07-01 08:05:00+00:00,AR-003,charging,asphalt,open_perimeter,0.0,5.356154999999999,39.446117,44.762904,31.26932,1,-57.450201,4.0,1.358374,1.0,1,0
2026-07-01 08:10:00+00:00,AR-003,charging,asphalt,open_perimeter,0.0,5.6933825,38.708537,45.128159,34.608815,1,-62.068815,4.0,1.308992,1.0,1,0
2026-07-01 08:15:00+00:00,AR-003,charging,gravel,tree_line,0.0,5.5834915,40.891285,45.537522,38.238327,1,-61.856973,4.0,1.349807,1.0,1,0
2026-07-01 08:20:00+00:00,AR-003,charging,gravel,tree_line,0.0,5.334375499999999,41.985898,45.974105,42.07856,1,-60.09739,4.0,1.366376,1.0,1,0
2026-07-01 08:25:00+00:00,AR-003,charging,dry_grass,tree_line,0.0,5.0648177500000005,43.421084,46.359924,45.460798,1,-63.722419,3.0,1.954598,1.0,1,0
2026-07-01 08:30:00+00:00,AR-003,charging,dry_grass,building_shadow,0.0,4.867964499999999,42.415647,46.770412,49.080172,1,-69.6442,3.0,1.92923,1.0,1,0
2026-07-01 08:35:00+00:00,AR-003,charging,wet_grass,building_shadow,0.0,6.072493,50.882168,47.110416,52.395544,1,-72.367073,3.0,2.06699,1.0,1,0
2026-07-01 08:40:00+00:00,AR-003,charging,wet_grass,building_shadow,0.0,5.75951375,51.494679,47.51422,55.928279,1,-77.106231,3.0,1.990556,1.0,1,0
2026-07-01 08:45:00+00:00,AR-003,charging,wet_grass,remote_edge,0.0,5.82016125,52.607682,47.914071,59.51246,1,-90.223758,3.0,2.163826,1.0,1,0
2026-07-01 08:50:00+00:00,AR-003,charging,mud,remote_edge,0.0,6.376893999999999,61.439282,48.323332,63.295816,1,-88.541114,3.0,1.970427,1.0,1,0
2026-07-01 08:55:00+00:00,AR-003,charging,mud,remote_edge,0.0,6.5992144999999995,62.804563,48.694432,66.660821,1,-87.317431,3.0,2.086468,1.0,1,0
2026-07-01 09:00:00+00:00,AR-003,charging,sand,base_area,0.0,6.82996525,72.683109,49.130916,70.611567,1,-44.166802,5.0,0.727472,1.0,1,0
2026-07-01 09:05:00+00:00,AR-003,charging,sand,base_area,0.0,7.293711500000001,71.422044,49.486006,73.889665,1,-43.448859,5.0,0.649327,1.0,1,0
2026-07-01 09:10:00+00:00,AR-003,charging,sand,base_area,0.0,7.073847499999999,71.631533,49.884919,77.400353,1,-46.253696,4.0,1.316483,1.0,1,0
2026-07-01 09:15:00+00:00,AR-003,charging,rocky,open_perimeter,0.0,5.532983,40.860878,50.318822,80.916783,1,-58.183487,4.0,1.303814,1.0,1,0
2026-07-01 09:20:00+00:00,AR-003,charging,rocky,open_perimeter,0.0,5.1632635,40.236334,50.712811,84.348715,1,-51.600682,4.0,1.269527,1.0,1,0
2026-07-01 09:25:00+00:00,AR-003,charging,asphalt,open_perimeter,0.0,5.12120875,37.577311,51.142197,88.172756,1,-60.522464,4.0,1.315836,1.0,1,0
2026-07-01 09:30:00+00:00,AR-003,charging,asphalt,tree_line,0.0,5.77789825,37.637488,51.516667,91.668681,1,-71.686833,4.0,1.537091,1.0,1,0
2026-07-01 09:35:00+00:00,AR-003,perimeter,gravel,tree_line,0.777042,14.401022,47.850491,50.26589,95.002822,0,-68.02523,4.0,1.286992,0.999,1,0
2026-07-01 09:40:00+00:00,AR-003,perimeter,gravel,tree_line,0.911928,15.78633975,49.75273,50.146627,94.259566,0,-74.092748,4.0,1.493682,0.999,1,0
2026-07-01 09:45:00+00:00,AR-003,perimeter,gravel,building_shadow,0.80894,14.727242,49.405578,50.050962,93.159557,0,-73.593001,4.0,1.20698,0.999,1,0
2026-07-01 09:50:00+00:00,AR-003,perimeter,dry_grass,building_shadow,0.884698,16.7938395,53.782818,49.894444,92.241817,0,-69.524551,4.0,1.202314,0.999,1,0
2026-07-01 09:55:00+00:00,AR-003,perimeter,dry_grass,building_shadow,0.781798,15.26401325,52.288311,49.868409,91.654224,0,-68.94135,3.0,1.937417,0.999,1,0
2026-07-01 10:00:00+00:00,AR-003,incident_response,wet_grass,remote_edge,1.078003,23.1505295,62.632686,49.531996,90.481334,0,-67.262455,3.0,1.948692,0.984,1,0
2026-07-01 10:05:00+00:00,AR-003,incident_response,wet_grass,remote_edge,0.915007,20.957681,60.117155,49.504007,89.722385,0,-67.074742,3.0,1.883805,0.984,0,0
2026-07-01 10:10:00+00:00,AR-003,incident_response,wet_grass,remote_edge,1.057859,23.2758475,60.027677,49.32994,88.706362,0,-80.182306,3.0,1.765658,0.984,1,0
2026-07-01 10:15:00+00:00,AR-003,incident_response,mud,base_area,0.786125,22.1827545,66.878176,49.286931,88.068593,0,-51.390372,4.0,1.276623,0.984,1,0
2026-07-01 10:20:00+00:00,AR-003,incident_response,mud,base_area,0.881292,25.035340249999997,66.928731,49.112118,87.169972,0,-46.241952,5.0,0.560021,0.984,1,0
2026-07-01 10:25:00+00:00,AR-003,incident_response,sand,base_area,0.689255,24.326935,73.412512,49.019039,86.174454,0,-51.661077,5.0,0.673,0.984,1,0
2026-07-01 10:30:00+00:00,AR-003,coverage,sand,open_perimeter,0.520305,20.40614625,72.424682,49.028519,85.348915,0,-60.330528,5.0,0.553675,0.999,1,0
2026-07-01 10:35:00+00:00,AR-003,coverage,rocky,open_perimeter,0.716746,12.3456725,45.152757,49.143521,84.504541,0,-51.767631,5.0,0.637846,0.999,1,0
2026-07-01 10:40:00+00:00,AR-003,coverage,rocky,open_perimeter,0.830311,14.347201249999998,47.959565,48.985108,83.55478,0,-58.366714,5.0,0.59486,0.999,1,0
2026-07-01 10:45:00+00:00,AR-003,coverage,rocky,tree_line,0.709162,12.882945750000001,48.423959,48.894333,82.404374,0,-60.312297,4.0,1.262616,0.999,1,0
2026-07-01 10:50:00+00:00,AR-003,coverage,asphalt,tree_line,1.050154,14.841870499999999,47.678365,48.761601,81.674019,0,-60.154262,4.0,1.195723,0.999,1,0
2026-07-01 10:55:00+00:00,AR-003,coverage,asphalt,tree_line,0.925409,13.881169250000001,48.045149,48.683274,80.751646,0,-62.972509,4.0,1.222745,0.999,1,0
2026-07-01 11:00:00+00:00,AR-003,coverage,gravel,building_shadow,0.953287,15.995751250000001,51.343197,48.511169,79.705875,0,-79.768482,3.0,1.712914,0.999,1,0
2026-07-01 11:05:00+00:00,AR-003,coverage,gravel,building_shadow,0.839934,14.8073425,49.33802,48.456491,78.941805,0,-77.574733,4.0,1.213912,0.999,1,0
2026-07-01 11:10:00+00:00,AR-003,coverage,gravel,building_shadow,0.889146,15.31044775,49.402521,48.370737,78.292931,0,-83.001724,4.0,1.209669,0.999,1,0
2026-07-01 11:15:00+00:00,AR-003,coverage,dry_grass,remote_edge,0.812085,14.94517275,48.994081,48.263913,77.254357,0,-86.757992,4.0,1.18321,0.9969,1,0
2026-07-01 11:20:00+00:00,AR-003,coverage,dry_grass,remote_edge,0.828573,17.80022,48.85291,48.150449,76.466686,0,-91.669504,3.0,1.938501,0.999,1,0
2026-07-01 11:25:00+00:00,AR-003,coverage,wet_grass,remote_edge,0.68666,16.44110775,54.758738,48.048997,75.682728,0,-70.730519,3.0,1.958361,0.999,1,0
2026-07-01 11:30:00+00:00,AR-003,coverage,wet_grass,base_area,0.728054,17.63227175,54.423488,47.889031,74.530982,0,-47.842094,5.0,0.591527,0.999,1,0
2026-07-01 11:35:00+00:00,AR-003,coverage,mud,base_area,0.520072,16.343725499999998,64.399217,47.831854,73.721349,0,-46.765422,5.0,0.45,0.999,1,0
2026-07-01 11:40:00+00:00,AR-003,coverage,mud,base_area,0.580348,18.414762999999997,65.705648,47.661073,72.677292,0,-49.381078,5.0,0.45,0.999,1,0
2026-07-01 11:45:00+00:00,AR-003,coverage,mud,open_perimeter,0.534989,17.10025525,66.855095,47.618649,71.993358,0,-59.522004,5.0,0.566133,0.999,1,0
2026-07-01 11:50:00+00:00,AR-003,coverage,sand,open_perimeter,0.57126,21.0279825,75.446553,47.407126,71.016547,0,-60.773387,5.0,0.538446,0.999,1,0
2026-07-01 11:55:00+00:00,AR-003,coverage,sand,open_perimeter,0.51498,20.13249925,75.368668,47.33544,70.168613,0,-62.365244,5.0,0.45,0.999,1,0
2026-07-01 12:00:00+00:00,AR-003,perimeter,rocky,tree_line,0.843801,14.34162425,48.821085,47.397507,69.378478,0,-67.329581,5.0,0.576212,0.999,1,0
2026-07-01 12:05:00+00:00,AR-003,perimeter,rocky,tree_line,0.661861,11.54558825,46.431283,47.379476,68.568403,0,-63.92509,4.0,1.221559,0.999,1,0
2026-07-01 12:10:00+00:00,AR-003,perimeter,rocky,tree_line,0.839923,13.454330500000001,46.40081,47.209549,67.494296,0,-67.161916,4.0,1.093748,0.999,1,0
2026-07-01 12:15:00+00:00,AR-003,perimeter,asphalt,building_shadow,1.01551,14.518781749999999,45.059164,47.070357,66.498617,0,-66.321888,5.0,0.45,0.999,1,0
2026-07-01 12:20:00+00:00,AR-003,perimeter,asphalt,building_shadow,1.024182,15.362355,45.240495,46.977178,65.86249,0,-61.517391,4.0,1.264333,0.999,1,0
2026-07-01 12:25:00+00:00,AR-003,perimeter,gravel,building_shadow,0.851195,14.1028905,45.990317,46.902161,64.900322,0,-70.208288,4.0,1.186662,0.999,1,0
2026-07-01 12:30:00+00:00,AR-003,coverage,gravel,remote_edge,0.962287,15.88688075,46.47563,46.748181,63.939644,0,-80.792262,3.0,1.894049,0.999,1,0
2026-07-01 12:35:00+00:00,AR-003,coverage,dry_grass,remote_edge,0.709452,13.52320375,46.978726,46.72724,63.20396,0,-85.808573,4.0,1.254914,0.999,1,0
2026-07-01 12:40:00+00:00,AR-003,coverage,dry_grass,remote_edge,0.878378,15.70561675,49.112791,46.562016,62.235378,0,-90.927202,3.0,1.79017,0.9969,1,0
2026-07-01 12:45:00+00:00,AR-003,coverage,dry_grass,base_area,0.732302,14.149355750000002,48.857389,46.505208,61.366889,0,-49.549078,5.0,0.45,0.999,1,0
2026-07-01 12:50:00+00:00,AR-003,coverage,wet_grass,base_area,0.733047,17.618478,56.979233,46.320691,60.524743,0,-46.123046,5.0,0.616829,0.999,1,0
2026-07-01 12:55:00+00:00,AR-003,coverage,wet_grass,base_area,0.66632,16.48013425,57.305996,46.250975,59.638019,0,-50.206071,5.0,0.68116,0.999,1,0
2026-07-01 13:00:00+00:00,AR-003,incident_response,mud,open_perimeter,0.863772,23.817642,66.883097,45.938888,58.554883,0,-57.412567,5.0,0.523047,0.984,1,0
2026-07-01 13:05:00+00:00,AR-003,incident_response,mud,open_perimeter,0.789908,22.23444875,65.475958,45.897035,57.813665,0,-55.283109,5.0,0.599353,0.984,1,0
2026-07-01 13:10:00+00:00,AR-003,incident_response,mud,open_perimeter,0.86854,23.52810625,66.043213,45.764426,56.929974,0,-62.899114,5.0,0.668566,0.984,1,0
2026-07-01 13:15:00+00:00,AR-003,incident_response,sand,tree_line,0.698968,24.71986475,73.747946,45.651585,56.199124,0,-66.699845,4.0,1.079136,0.984,1,0
2026-07-01 13:20:00+00:00,AR-003,incident_response,sand,tree_line,0.718399,24.5319315,72.146587,45.54471,55.201255,0,-70.685541,4.0,1.21116,0.984,1,0
2026-07-01 13:25:00+00:00,AR-003,incident_response,rocky,tree_line,1.135512,16.5095425,45.32165,45.628735,54.089137,0,-71.460226,5.0,0.59757,0.984,1,0
2026-07-01 13:30:00+00:00,AR-003,perimeter,rocky,building_shadow,0.865307,13.799389,42.361224,45.630616,53.476787,0,-81.911031,3.0,1.791689,0.999,1,0
2026-07-01 13:35:00+00:00,AR-003,perimeter,asphalt,building_shadow,0.902445,13.24795275,41.415187,45.527877,52.431461,0,-74.560287,4.0,1.210891,0.999,1,0
2026-07-01 13:40:00+00:00,AR-003,perimeter,asphalt,building_shadow,1.079269,15.02626175,44.406756,45.384873,51.567464,0,-71.678889,3.0,1.823699,0.999,1,0
2026-07-01 13:45:00+00:00,AR-003,perimeter,asphalt,remote_edge,0.963278,14.290917,44.599049,45.317193,50.792469,0,-71.343009,3.0,1.890248,0.999,1,0
2026-07-01 13:50:00+00:00,AR-003,perimeter,gravel,remote_edge,0.905272,14.99173575,46.101141,45.206052,49.962829,0,-68.411345,3.0,2.009692,0.999,1,0
2026-07-01 13:55:00+00:00,AR-003,perimeter,gravel,remote_edge,0.869096,15.0096055,47.728656,45.063026,48.689959,0,-76.17791,4.0,1.218136,0.999,1,0
2026-07-01 14:00:00+00:00,AR-003,coverage,dry_grass,base_area,0.800829,14.817355499999998,47.830759,44.978953,47.894682,0,-46.373703,5.0,0.454094,0.999,1,0
2026-07-01 14:05:00+00:00,AR-003,coverage,dry_grass,base_area,0.743679,14.21551625,46.432784,44.897668,47.029211,0,-43.350875,5.0,0.564476,0.999,1,0
2026-07-01 14:10:00+00:00,AR-003,coverage,dry_grass,base_area,0.83524,15.31682975,45.747347,44.76607,46.109889,0,-55.033102,5.0,0.559834,0.999,1,0
2026-07-01 14:15:00+00:00,AR-003,coverage,wet_grass,open_perimeter,0.654858,15.96658025,51.510742,44.680399,45.495806,0,-59.696198,4.0,1.348239,0.999,1,0
2026-07-01 14:20:00+00:00,AR-003,coverage,wet_grass,open_perimeter,0.756552,17.33103625,51.867087,44.540155,44.560371,0,-58.750976,5.0,0.45,0.999,1,0
2026-07-01 14:25:00+00:00,AR-003,coverage,mud,open_perimeter,0.472273,15.555553499999998,58.116771,44.485078,43.656453,0,-62.252159,5.0,0.513284,0.999,1,0
2026-07-01 14:30:00+00:00,AR-003,coverage,mud,tree_line,0.659205,19.934841000000002,60.857902,44.267025,42.726165,0,-63.081707,5.0,0.596325,0.999,1,0
2026-07-01 14:35:00+00:00,AR-003,coverage,sand,tree_line,0.406618,16.263668499999998,67.939474,44.251588,41.736103,0,-54.891269,4.0,1.108396,0.999,1,0
2026-07-01 14:40:00+00:00,AR-003,coverage,sand,tree_line,0.510018,19.743342,68.64865,44.063177,40.861645,0,-65.22625,4.0,1.198882,0.999,1,0
2026-07-01 14:45:00+00:00,AR-003,coverage,sand,building_shadow,0.525219,19.52709275,70.204264,43.989471,40.153353,0,-73.77399,3.0,1.753801,0.999,1,0
2026-07-01 14:50:00+00:00,AR-003,coverage,rocky,building_shadow,0.795733,13.244935,43.892491,44.054931,39.279459,0,-70.217275,4.0,1.250289,0.999,1,0
2026-07-01 14:55:00+00:00,AR-003,coverage,rocky,building_shadow,0.719553,12.183148749999999,42.520055,43.989993,38.453166,0,-81.213812,4.0,1.226786,0.999,1,0
2026-07-01 15:00:00+00:00,AR-003,coverage,asphalt,remote_edge,1.020407,14.262375500000001,43.386266,43.817684,37.397374,0,-90.241372,3.0,1.935995,0.9969,1,0
2026-07-01 15:05:00+00:00,AR-003,coverage,asphalt,remote_edge,0.984912,14.06804975,42.586357,43.728443,36.555469,0,-86.790462,3.0,1.875552,0.9969,1,0
2026-07-01 15:10:00+00:00,AR-003,coverage,asphalt,remote_edge,1.116663,15.070645500000001,41.639336,43.607158,35.70531,0,-80.127598,3.0,1.981559,0.999,1,0
2026-07-01 15:15:00+00:00,AR-003,coverage,gravel,base_area,0.828539,13.866488749999998,42.824945,43.527357,34.713269,0,-46.204786,5.0,0.45,0.999,1,0
2026-07-01 15:20:00+00:00,AR-003,coverage,gravel,base_area,0.954685,15.363667,40.905595,43.391183,33.844988,0,-43.748999,5.0,0.567183,0.999,1,0
2026-07-01 15:25:00+00:00,AR-003,coverage,dry_grass,base_area,0.707083,13.543286,40.869581,43.324539,32.827365,0,-48.908753,5.0,0.711698,0.999,1,0
2026-07-01 15:30:00+00:00,AR-003,incident_response,dry_grass,open_perimeter,1.281529,20.371290000000002,45.727927,43.056656,32.020625,0,-56.22493,5.0,0.569431,0.984,1,0
2026-07-01 15:35:00+00:00,AR-003,incident_response,wet_grass,open_perimeter,0.989234,20.24218425,52.025918,42.959183,31.120354,0,-60.878027,5.0,0.585476,0.984,1,0
2026-07-01 15:40:00+00:00,AR-003,incident_response,wet_grass,open_perimeter,1.118711,23.148825499999997,54.2288,42.807623,30.441894,0,-60.614855,5.0,0.534884,0.984,1,0
2026-07-01 15:45:00+00:00,AR-003,incident_response,wet_grass,tree_line,0.965926,20.92240625,52.510172,42.734828,29.275093,0,-71.348678,4.0,1.232793,0.984,0,0
2026-07-01 15:50:00+00:00,AR-003,incident_response,mud,tree_line,0.816061,22.8124275,62.264043,42.602586,28.533122,0,-68.51482,4.0,1.208124,0.984,1,0
2026-07-01 15:55:00+00:00,AR-003,incident_response,mud,tree_line,0.76708,21.355420499999997,61.595632,42.543665,27.668805,0,-66.748758,4.0,1.144176,0.984,1,0
2026-07-01 16:00:00+00:00,AR-003,incident_response,sand,building_shadow,0.904407,29.71597225,71.299966,42.229691,26.80631,0,-69.180832,4.0,0.998019,0.984,1,0
2026-07-01 16:05:00+00:00,AR-003,incident_response,sand,building_shadow,0.759188,25.94545575,68.965083,42.222353,25.865491,0,-64.162037,4.0,1.126174,0.984,1,0
2026-07-01 16:10:00+00:00,AR-003,incident_response,sand,building_shadow,0.816106,26.875780000000002,67.7314,42.139479,25.341516,0,-68.956844,5.0,0.45,0.984,1,0
2026-07-01 16:15:00+00:00,AR-003,incident_response,rocky,remote_edge,1.169235,16.95097425,41.217736,42.265508,24.1628,0,-70.895156,3.0,1.875928,0.984,1,0
2026-07-01 16:20:00+00:00,AR-003,incident_response,rocky,remote_edge,1.218638,17.06793775,40.879467,42.168006,23.319394,0,-75.684083,3.0,1.760677,0.984,1,0
2026-07-01 16:25:00+00:00,AR-003,incident_response,asphalt,remote_edge,1.480401,19.075445000000002,39.792826,42.016339,22.431256,0,-87.575516,4.0,1.142017,0.9819,1,0
2026-07-01 16:30:00+00:00,AR-003,coverage,asphalt,base_area,1.012647,14.260534250000001,35.929517,42.043056,21.552056,0,-47.381608,5.0,0.646981,0.999,1,0
2026-07-01 16:35:00+00:00,AR-003,coverage,gravel,base_area,0.827954,13.961307,39.013239,41.961801,20.757097,0,-45.514213,5.0,0.534207,0.9962,1,0
2026-07-01 16:40:00+00:00,AR-003,coverage,gravel,base_area,0.890731,14.837648999999999,40.375836,41.845969,19.926324,0,-48.755122,5.0,0.585845,0.9962,1,0
2026-07-01 16:45:00+00:00,AR-003,coverage,gravel,open_perimeter,0.824405,13.506763750000001,40.905623,41.768838,18.928693,0,-54.335766,5.0,0.644801,0.9962,1,0
2026-07-01 16:50:00+00:00,AR-003,coverage,dry_grass,open_perimeter,0.868978,15.299656500000001,44.113997,41.603338,17.86722,0,-54.24338,4.0,1.158389,0.9962,1,0
2026-07-01 16:55:00+00:00,AR-003,coverage,dry_grass,open_perimeter,0.784955,13.8641445,42.232282,41.532042,16.897409,0,-59.444485,5.0,0.525349,0.9962,1,0
2026-07-01 17:00:00+00:00,AR-003,pursuit,wet_grass,tree_line,1.225389,24.980813,52.505383,41.153383,16.09718,0,-62.972059,5.0,0.545142,0.9812,1,0
2026-07-01 17:05:00+00:00,AR-003,pursuit,wet_grass,tree_line,1.060384,22.459652,50.402899,41.143157,15.420608,0,-62.514367,4.0,1.210132,0.9812,1,0
2026-07-01 17:10:00+00:00,AR-003,pursuit,wet_grass,tree_line,1.161998,23.28954525,50.908665,41.007919,14.405774,0,-72.880799,4.0,1.108466,0.977,1,0
2026-07-01 17:15:00+00:00,AR-003,pursuit,mud,building_shadow,0.773497,22.06135025,55.437258,40.958661,13.68086,0,-81.880272,4.0,1.152378,0.977,1,0
2026-07-01 17:20:00+00:00,AR-003,pursuit,mud,building_shadow,0.926016,24.87383925,56.001143,40.780667,12.744527,0,-77.062871,3.0,1.864562,0.977,1,0
2026-07-01 17:25:00+00:00,AR-003,return_to_dock,sand,building_shadow,0.413287,16.345407249999997,60.713442,40.908805,11.908796,0,-80.635354,4.0,1.249434,0.992,1,0
2026-07-01 17:30:00+00:00,AR-003,return_to_dock,sand,remote_edge,0.545181,19.472603499999998,61.39629,40.726323,11.005449,0,-77.536159,3.0,1.875944,0.992,1,0
2026-07-01 17:35:00+00:00,AR-003,charging,rocky,remote_edge,0.0,5.077791,29.345019,42.412393,10.217992,1,-68.860986,4.0,1.285519,1.0,1,0
2026-07-01 17:40:00+00:00,AR-003,charging,rocky,remote_edge,0.0,4.977541499999999,30.736295,42.800393,13.659009,1,-69.132036,3.0,1.883931,1.0,1,0
2026-07-01 17:45:00+00:00,AR-003,charging,rocky,base_area,0.0,5.220998750000001,30.136225,43.17756,17.083093,1,-43.883338,5.0,0.49925,1.0,1,0
2026-07-01 17:50:00+00:00,AR-003,charging,asphalt,base_area,0.0,5.25192175,29.988287,43.575237,20.640951,1,-43.276655,5.0,0.475303,1.0,1,0
2026-07-01 17:55:00+00:00,AR-003,charging,asphalt,base_area,0.0,4.75488775,28.737131,43.996479,24.286658,1,-50.622906,5.0,0.661332,1.0,1,0
2026-07-01 18:00:00+00:00,AR-003,charging,gravel,open_perimeter,0.0,5.15196975,32.962567,44.376091,27.76823,1,-61.686026,4.0,1.162208,1.0,1,0
2026-07-01 18:05:00+00:00,AR-003,charging,gravel,open_perimeter,0.0,4.77745625,30.853726,44.766094,31.163463,1,-54.827574,5.0,0.45,1.0,1,0
2026-07-01 18:10:00+00:00,AR-003,charging,gravel,open_perimeter,0.0,5.164678,30.375203,45.170968,34.868296,1,-60.882838,4.0,1.125102,1.0,1,0
2026-07-01 18:15:00+00:00,AR-003,charging,dry_grass,tree_line,0.0,5.447161500000001,31.079411,45.555259,38.365043,1,-63.206953,4.0,1.277189,1.0,1,0
2026-07-01 18:20:00+00:00,AR-003,charging,dry_grass,tree_line,0.0,5.31990525,30.124269,45.943723,41.80393,1,-61.483062,5.0,0.559655,1.0,1,0
2026-07-01 18:25:00+00:00,AR-003,charging,wet_grass,tree_line,0.0,5.39297225,38.080475,46.331805,45.285914,1,-64.538831,4.0,1.153646,1.0,1,0
2026-07-01 18:30:00+00:00,AR-003,charging,wet_grass,building_shadow,0.0,5.01537275,37.020054,46.747101,48.90626,1,-64.316407,4.0,1.205927,1.0,1,0
2026-07-01 18:35:00+00:00,AR-003,charging,mud,building_shadow,0.0,5.5883815,47.561662,47.133043,52.485183,1,-65.544067,4.0,1.139487,1.0,1,0
2026-07-01 18:40:00+00:00,AR-003,charging,mud,building_shadow,0.0,5.60820075,47.807623,47.515512,55.904691,1,-80.256933,3.0,1.782931,1.0,1,0
2026-07-01 18:45:00+00:00,AR-003,charging,mud,remote_edge,0.0,5.26447925,49.613006,47.936612,59.58472,1,-85.665503,3.0,1.72164,1.0,1,0
2026-07-01 18:50:00+00:00,AR-003,charging,sand,remote_edge,0.0,6.151168999999999,58.651075,48.326701,63.273492,1,-87.012324,3.0,1.829816,1.0,1,0
2026-07-01 18:55:00+00:00,AR-003,charging,sand,remote_edge,0.0,5.999395,59.884522,48.715704,66.711502,1,-88.607839,4.0,1.134744,1.0,1,0
2026-07-01 19:00:00+00:00,AR-003,charging,rocky,base_area,0.0,5.2932925,28.555483,49.115513,70.11731,1,-48.775901,5.0,0.532551,1.0,1,0
2026-07-01 19:05:00+00:00,AR-003,charging,rocky,base_area,0.0,5.1894005,28.382354,49.535557,73.843583,1,-45.148616,5.0,0.483331,1.0,1,0
2026-07-01 19:10:00+00:00,AR-003,charging,rocky,base_area,0.0,5.6989545,27.5479,49.883869,77.071801,1,-45.747002,5.0,0.64693,1.0,1,0
2026-07-01 19:15:00+00:00,AR-003,charging,asphalt,open_perimeter,0.0,5.50761825,23.958111,50.29915,80.735254,1,-53.329645,5.0,0.531387,1.0,1,0
2026-07-01 19:20:00+00:00,AR-003,charging,asphalt,open_perimeter,0.0,4.9400195,23.919435,50.704355,84.221385,1,-52.160395,5.0,0.63141,1.0,1,0
2026-07-01 19:25:00+00:00,AR-003,charging,gravel,open_perimeter,0.0,5.062552999999999,26.497422,51.125014,88.005714,1,-60.114372,4.0,1.167111,1.0,1,0
2026-07-01 19:30:00+00:00,AR-003,charging,gravel,tree_line,0.0,5.28956925,27.214919,51.516625,91.554949,1,-69.656994,4.0,1.232289,1.0,1,0
2026-07-01 19:35:00+00:00,AR-003,coverage,dry_grass,tree_line,0.786043,14.4055085,35.836696,50.265212,94.997817,0,-70.122262,4.0,1.134197,0.999,1,0
2026-07-01 19:40:00+00:00,AR-003,coverage,dry_grass,tree_line,0.924399,15.79320325,36.699611,50.132433,94.13443,0,-73.316684,4.0,1.115636,0.999,1,0
2026-07-01 19:45:00+00:00,AR-003,coverage,dry_grass,building_shadow,0.769045,14.07867775,35.582045,50.059735,93.087326,0,-77.340064,4.0,1.300492,0.999,1,0
2026-07-01 19:50:00+00:00,AR-003,coverage,wet_grass,building_shadow,0.777581,18.007085500000002,44.48877,49.887477,92.461264,0,-67.512009,4.0,1.179608,0.999,1,0
2026-07-01 19:55:00+00:00,AR-003,coverage,wet_grass,building_shadow,0.723103,16.100036,44.697956,49.815994,91.380316,0,-69.373745,4.0,1.213467,0.999,1,0
2026-07-01 20:00:00+00:00,AR-003,coverage,mud,remote_edge,0.592256,17.957811999999997,53.29588,49.666358,90.47555,0,-66.580114,4.0,1.170327,0.999,1,0
2026-07-01 20:05:00+00:00,AR-003,coverage,mud,remote_edge,0.525034,15.896997500000001,51.783821,49.632186,89.692037,0,-70.831829,4.0,1.306873,0.999,1,0
2026-07-01 20:10:00+00:00,AR-003,coverage,mud,remote_edge,0.579802,17.249402,50.169494,49.484379,88.686278,0,-81.50541,4.0,1.277797,0.999,1,0
2026-07-01 20:15:00+00:00,AR-003,coverage,sand,base_area,0.418016,16.816114,58.055412,49.41201,87.93954,0,-50.542816,5.0,0.587986,0.999,1,0
2026-07-01 20:20:00+00:00,AR-003,coverage,sand,base_area,0.583963,19.87212375,58.424975,49.224082,86.971048,0,-49.387184,5.0,0.552987,0.999,1,0
2026-07-01 20:25:00+00:00,AR-003,coverage,rocky,base_area,0.721768,12.613575,30.470756,49.308326,86.038203,0,-50.432961,5.0,0.56836,0.999,1,0
2026-07-01 20:30:00+00:00,AR-003,coverage,rocky,open_perimeter,0.882999,14.221022,31.272949,49.197353,85.420528,0,-59.174045,5.0,0.642844,0.999,1,0
2026-07-01 20:35:00+00:00,AR-003,coverage,asphalt,open_perimeter,0.950925,13.895647499999999,30.776447,49.078105,84.280282,0,-57.677935,5.0,0.517689,0.999,1,0
2026-07-01 20:40:00+00:00,AR-003,coverage,asphalt,open_perimeter,1.088625,14.68293825,31.783897,48.959378,83.402987,0,-60.655889,5.0,0.50148,0.999,1,0
2026-07-01 20:45:00+00:00,AR-003,coverage,asphalt,tree_line,1.021552,14.65916225,33.257966,48.873104,82.627163,0,-58.60576,4.0,1.332017,0.999,1,0
2026-07-01 20:50:00+00:00,AR-003,coverage,gravel,tree_line,0.92579,15.13091075,36.517766,48.752483,81.659704,0,-60.413355,4.0,1.214831,0.999,1,0
2026-07-01 20:55:00+00:00,AR-003,coverage,gravel,tree_line,0.767521,13.04301975,35.382601,48.70798,80.777661,0,-60.508121,3.0,1.879633,0.999,1,0
2026-07-01 21:00:00+00:00,AR-003,coverage,dry_grass,building_shadow,0.922761,16.1925835,36.960803,48.535914,79.972512,0,-76.287891,4.0,1.193442,0.999,1,0
2026-07-01 21:05:00+00:00,AR-003,coverage,dry_grass,building_shadow,0.822087,14.80135875,35.579436,48.453039,78.909595,0,-75.6204,4.0,1.189282,0.999,1,0
2026-07-01 21:10:00+00:00,AR-003,coverage,dry_grass,building_shadow,0.862142,15.284811,36.258468,48.363312,78.220688,0,-84.199291,4.0,1.1079,0.999,1,0
2026-07-01 21:15:00+00:00,AR-003,coverage,wet_grass,remote_edge,0.668084,15.387568250000001,40.662401,48.251157,77.243161,0,-82.725131,3.0,1.894471,0.999,1,0
2026-07-01 21:20:00+00:00,AR-003,coverage,wet_grass,remote_edge,0.735086,16.58092575,40.518643,48.135325,76.485974,0,-79.603652,3.0,1.814113,0.999,1,0
2026-07-01 21:25:00+00:00,AR-003,coverage,mud,remote_edge,0.41916,14.58691075,47.137322,48.086872,75.590465,0,-74.720527,4.0,1.237814,0.999,1,0
2026-07-01 21:30:00+00:00,AR-003,perimeter,mud,base_area,0.579323,16.76892875,49.046547,47.893267,74.368382,0,-48.121304,4.0,1.098308,0.999,1,0
2026-07-01 21:35:00+00:00,AR-003,perimeter,sand,base_area,0.414005,16.1282545,56.745393,47.862338,73.943509,0,-43.841264,5.0,0.625074,0.999,1,0
2026-07-01 21:40:00+00:00,AR-003,perimeter,sand,base_area,0.50859,18.818294249999997,58.513596,47.647391,72.648809,0,-52.752752,5.0,0.45256,0.999,1,0
2026-07-01 21:45:00+00:00,AR-003,perimeter,sand,open_perimeter,0.421446,16.99863075,58.005051,47.618787,71.970993,0,-61.512242,5.0,0.571873,0.999,1,0
2026-07-01 21:50:00+00:00,AR-003,perimeter,rocky,open_perimeter,0.78117,12.79864525,32.971041,47.63142,71.108793,0,-56.521785,5.0,0.56405,0.999,1,0
2026-07-01 21:55:00+00:00,AR-003,perimeter,rocky,open_perimeter,0.747942,12.612592000000001,32.772507,47.554569,70.379431,0,-63.980917,5.0,0.772772,0.999,1,0
2026-07-01 22:00:00+00:00,AR-003,coverage,asphalt,tree_line,1.042569,15.111670499999999,33.494567,47.356708,69.192963,0,-67.748796,4.0,1.420589,0.999,1,0
2026-07-01 22:05:00+00:00,AR-003,coverage,asphalt,tree_line,0.947067,13.539565,31.987237,47.302404,68.343147,0,-63.07536,4.0,1.168831,0.999,1,0
2026-07-01 22:10:00+00:00,AR-003,coverage,asphalt,tree_line,1.02498,14.77810625,30.424847,47.169218,67.441503,0,-65.585767,4.0,1.17702,0.999,1,0
2026-07-01 22:15:00+00:00,AR-003,coverage,gravel,building_shadow,0.84205,13.92208375,33.319565,47.09435,66.574325,0,-62.516587,4.0,1.243507,0.999,1,0
2026-07-01 22:20:00+00:00,AR-003,coverage,gravel,building_shadow,0.924761,15.348548999999998,32.076803,47.002676,66.086947,0,-66.707409,3.0,1.867019,0.999,1,0
2026-07-01 22:25:00+00:00,AR-003,coverage,dry_grass,building_shadow,0.781141,14.352823749999999,33.205967,46.892941,64.876021,0,-71.42054,4.0,1.219465,0.999,1,0
2026-07-01 22:30:00+00:00,AR-003,perimeter,dry_grass,remote_edge,0.863559,14.995311000000001,33.482419,46.775612,63.977587,0,-80.901375,3.0,1.786067,0.999,1,0
2026-07-01 22:35:00+00:00,AR-003,perimeter,wet_grass,remote_edge,0.657992,15.0936285,40.132277,46.69462,63.277271,0,-84.03535,4.0,1.162962,0.999,1,0
2026-07-01 22:40:00+00:00,AR-003,perimeter,wet_grass,remote_edge,0.734143,16.558844999999998,42.289138,46.527094,62.121641,0,-92.361545,3.0,1.763189,0.9969,1,0
2026-07-01 22:45:00+00:00,AR-003,perimeter,wet_grass,base_area,0.660148,15.32599375,41.958456,46.465886,61.288945,0,-50.289984,5.0,0.481112,0.999,1,0
2026-07-01 22:50:00+00:00,AR-003,perimeter,mud,base_area,0.61714,18.03582475,51.341155,46.331602,60.719048,0,-45.122607,5.0,0.571976,0.999,1,0
2026-07-01 22:55:00+00:00,AR-003,perimeter,mud,base_area,0.479726,15.5906575,51.451864,46.270671,59.607396,0,-48.21531,5.0,0.502763,0.999,1,0
2026-07-01 23:00:00+00:00,AR-003,perimeter,sand,open_perimeter,0.511131,19.4824765,61.503423,46.065295,58.677138,0,-53.219587,4.0,1.200374,0.999,1,0
2026-07-01 23:05:00+00:00,AR-003,perimeter,sand,open_perimeter,0.473923,17.901661249999997,59.068272,45.996152,57.692819,0,-51.438243,5.0,0.579792,0.999,1,0
2026-07-01 23:10:00+00:00,AR-003,perimeter,sand,open_perimeter,0.523955,19.416359749999998,58.600031,45.862377,56.850023,0,-56.777078,5.0,0.468041,0.999,1,0
2026-07-01 23:15:00+00:00,AR-003,perimeter,rocky,tree_line,0.759944,13.080777500000002,30.632981,45.947938,56.1432,0,-63.165975,5.0,0.629072,0.999,1,0
2026-07-01 23:20:00+00:00,AR-003,perimeter,rocky,tree_line,0.867229,13.829245250000001,30.816168,45.804617,55.037295,0,-68.002295,5.0,0.45,0.999,1,0
2026-07-01 23:25:00+00:00,AR-003,perimeter,asphalt,tree_line,0.918526,13.758884,28.51978,45.726997,54.327931,0,-71.641518,4.0,1.124607,0.999,1,0
2026-07-01 23:30:00+00:00,AR-003,perimeter,asphalt,building_shadow,1.049788,14.432732750000001,30.818663,45.600169,53.351962,0,-80.967917,4.0,1.232415,0.999,1,0
2026-07-01 23:35:00+00:00,AR-003,perimeter,gravel,building_shadow,0.792172,13.980388249999999,31.830244,45.506181,52.407777,0,-74.207533,3.0,1.824757,0.999,1,0
2026-07-01 23:40:00+00:00,AR-003,perimeter,gravel,building_shadow,0.955799,15.318057249999999,34.685437,45.403718,51.80346,0,-71.267282,4.0,1.071252,0.999,1,0
2026-07-01 23:45:00+00:00,AR-003,perimeter,gravel,remote_edge,0.857214,14.584160999999998,34.414269,45.333341,51.004724,0,-73.485342,3.0,1.774498,0.999,1,0
2026-07-01 23:50:00+00:00,AR-003,perimeter,dry_grass,remote_edge,0.833451,14.126467250000001,36.806912,45.211062,49.806698,0,-70.32001,3.0,1.910785,0.999,1,0
2026-07-01 23:55:00+00:00,AR-003,perimeter,dry_grass,remote_edge,0.7997,14.403606,37.94218,45.110784,48.975691,0,-72.709381,3.0,1.789542,0.999,1,0
2026-07-01 00:00:00+00:00,AR-004,pursuit,wet_grass,open_perimeter,1.149608,23.430373250000002,45.49766,49.297759,88.454898,0,-55.541006,5.0,0.45,0.984,1,0
2026-07-01 00:05:00+00:00,AR-004,pursuit,wet_grass,open_perimeter,1.061777,22.23151225,45.442831,49.232352,87.592598,0,-57.034518,5.0,0.515335,0.984,1,0
2026-07-01 00:10:00+00:00,AR-004,pursuit,mud,tree_line,0.816092,22.00390025,52.07995,49.129811,86.624222,0,-73.633738,4.0,1.106059,0.984,1,0
2026-07-01 00:15:00+00:00,AR-004,pursuit,mud,tree_line,0.844009,23.2694535,52.301442,48.983545,85.612062,0,-73.466016,4.0,1.337946,0.984,1,0
2026-07-01 00:20:00+00:00,AR-004,pursuit,mud,tree_line,0.920105,24.6968045,51.662443,48.850951,84.759534,0,-67.13738,4.0,1.228659,0.984,1,0
2026-07-01 00:25:00+00:00,AR-004,coverage,sand,building_shadow,0.493643,19.05631375,59.5863,48.895572,83.848541,0,-74.505908,3.0,1.860652,0.999,1,0
2026-07-01 00:30:00+00:00,AR-004,coverage,sand,building_shadow,0.472353,17.6150135,59.567104,48.830745,82.935139,0,-68.815385,4.0,1.163549,0.999,1,0
2026-07-01 00:35:00+00:00,AR-004,coverage,rocky,building_shadow,0.809439,13.40419975,34.169135,48.847455,82.106826,0,-62.816075,4.0,1.208348,0.999,1,0
2026-07-01 00:40:00+00:00,AR-004,coverage,rocky,remote_edge,0.723383,12.5994535,34.440318,48.812636,81.609128,0,-73.949899,4.0,1.188617,0.999,1,0
2026-07-01 00:45:00+00:00,AR-004,coverage,rocky,remote_edge,0.770509,12.62463175,35.228722,48.673262,80.370553,0,-76.244611,3.0,1.769229,0.999,1,0
2026-07-01 00:50:00+00:00,AR-004,coverage,asphalt,remote_edge,1.041432,14.385055000000001,35.443016,48.548031,79.661094,0,-79.737128,3.0,1.839424,0.999,1,0
2026-07-01 00:55:00+00:00,AR-004,perimeter,asphalt,base_area,0.990771,14.24134125,35.461535,48.416739,78.455484,0,-51.534227,5.0,0.584338,0.999,1,0
2026-07-01 01:00:00+00:00,AR-004,perimeter,gravel,base_area,0.876571,15.252557,35.950991,48.300558,77.652895,0,-51.714853,5.0,0.644174,0.999,1,0
2026-07-01 01:05:00+00:00,AR-004,perimeter,gravel,base_area,0.875799,14.662850249999998,35.406891,48.241191,76.985942,0,-46.621961,5.0,0.45,0.999,1,0
2026-07-01 01:10:00+00:00,AR-004,perimeter,dry_grass,open_perimeter,0.819205,14.662487000000002,35.787869,48.122584,75.926866,0,-61.55005,5.0,0.568006,0.999,1,0
2026-07-01 01:15:00+00:00,AR-004,perimeter,dry_grass,open_perimeter,0.760778,14.341131249999998,34.820898,48.025624,74.986549,0,-55.556958,5.0,0.492705,0.999,1,0
2026-07-01 01:20:00+00:00,AR-004,perimeter,dry_grass,open_perimeter,0.800486,14.82916775,36.195975,47.910002,74.067504,0,-52.934668,4.0,1.15857,0.999,1,0
2026-07-01 01:25:00+00:00,AR-004,escort,wet_grass,tree_line,0.460788,12.43118475,41.408368,47.885963,73.296193,0,-62.851171,4.0,1.120774,0.999,1,0
2026-07-01 01:30:00+00:00,AR-004,escort,wet_grass,tree_line,0.50967,13.17162875,43.51847,47.753046,72.281321,0,-62.122305,4.0,1.172467,0.999,1,0
2026-07-01 01:35:00+00:00,AR-004,escort,mud,tree_line,0.346426,12.656338,52.732849,47.678695,71.497857,0,-64.222582,5.0,0.486233,0.999,1,0
2026-07-01 01:40:00+00:00,AR-004,escort,mud,building_shadow,0.377269,13.68405225,53.50325,47.551,70.596297,0,-80.128554,3.0,1.936035,0.999,1,0
2026-07-01 01:45:00+00:00,AR-004,escort,mud,building_shadow,0.405453,14.062857000000001,53.782485,47.447773,69.762561,0,-83.319689,4.0,1.181292,0.999,1,0
2026-07-01 01:50:00+00:00,AR-004,escort,sand,building_shadow,0.314588,14.89824075,62.660477,47.328402,68.890682,0,-76.984338,3.0,1.66611,0.999,1,0
2026-07-01 01:55:00+00:00,AR-004,perimeter,sand,remote_edge,0.471173,18.14481325,63.658738,47.153606,68.083673,0,-83.047961,4.0,1.32367,0.999,1,0
2026-07-01 02:00:00+00:00,AR-004,perimeter,rocky,remote_edge,0.746366,12.88587475,35.082084,47.19212,67.206721,0,-77.980586,3.0,1.890774,0.999,1,0
2026-07-01 02:05:00+00:00,AR-004,perimeter,rocky,remote_edge,0.727235,12.3304265,34.9751,47.105631,66.305554,0,-66.55991,4.0,1.203339,0.999,1,0
2026-07-01 02:10:00+00:00,AR-004,perimeter,asphalt,base_area,1.066797,14.17478775,35.586069,46.892364,65.049406,0,-30.540027,5.0,0.453716,0.999,1,0
2026-07-01 02:15:00+00:00,AR-004,perimeter,asphalt,base_area,0.985692,14.237042249999998,33.485842,46.836913,64.348897,0,-48.895029,5.0,0.49034,0.999,1,0
2026-07-01 02:20:00+00:00,AR-004,perimeter,asphalt,base_area,1.015788,14.100494750000001,35.028914,46.74237,63.47306,0,-44.306421,5.0,0.672901,0.999,1,0
2026-07-01 02:25:00+00:00,AR-004,pursuit,gravel,open_perimeter,1.458474,21.223364,41.516913,46.490364,62.876534,0,-60.756728,5.0,0.530826,0.984,1,0
2026-07-01 02:30:00+00:00,AR-004,pursuit,gravel,open_perimeter,1.425,20.8173515,42.291246,46.382475,61.818985,0,-61.880484,5.0,0.524125,0.984,1,0
2026-07-01 02:35:00+00:00,AR-004,pursuit,dry_grass,open_perimeter,1.342037,21.20099775,44.059957,46.262437,60.836279,0,-61.252798,4.0,1.136703,0.984,1,0
2026-07-01 02:40:00+00:00,AR-004,pursuit,dry_grass,tree_line,1.324068,20.950876499999996,45.010768,46.179503,60.037734,0,-68.2401,4.0,0.999742,0.984,1,0
2026-07-01 02:45:00+00:00,AR-004,pursuit,dry_grass,tree_line,1.315007,20.870953749999998,46.425472,46.063373,58.982301,0,-65.586998,4.0,1.208212,0.984,1,0
2026-07-01 02:50:00+00:00,AR-004,pursuit,wet_grass,tree_line,1.082393,22.886219999999998,51.58889,45.924676,58.211763,0,-58.180694,4.0,1.068027,0.984,1,0
2026-07-01 02:55:00+00:00,AR-004,pursuit,wet_grass,building_shadow,1.098547,22.630008,51.124759,45.861367,57.587027,0,-67.290569,4.0,1.119078,0.984,1,0
2026-07-01 03:00:00+00:00,AR-004,pursuit,mud,building_shadow,0.880262,23.731046,59.197175,45.757036,56.911101,0,-68.758839,3.0,1.85522,0.984,1,0
2026-07-01 03:05:00+00:00,AR-004,pursuit,mud,building_shadow,0.887459,23.59814275,57.601227,45.63304,55.773144,0,-70.224346,4.0,1.177695,0.984,1,0
2026-07-01 03:10:00+00:00,AR-004,pursuit,sand,remote_edge,0.783138,26.27873125,65.414287,45.443348,54.701737,0,-84.688987,3.0,1.797911,0.984,1,0
2026-07-01 03:15:00+00:00,AR-004,pursuit,sand,remote_edge,0.765996,25.770582250000004,65.715592,45.368269,53.913427,0,-89.068698,3.0,1.917008,0.9819,1,0
2026-07-01 03:20:00+00:00,AR-004,pursuit,sand,remote_edge,0.856531,27.645826,65.759961,45.215526,52.984974,0,-87.115784,3.0,1.794575,0.9819,1,0
2026-07-01 03:25:00+00:00,AR-004,incident_response,rocky,base_area,1.160267,16.95328525,40.64294,45.391227,52.071542,0,-51.511965,5.0,0.519036,0.984,1,0
2026-07-01 03:30:00+00:00,AR-004,incident_response,rocky,base_area,1.206955,17.11604375,41.406949,45.299201,51.287664,0,-44.416172,4.0,1.25885,0.984,1,0
2026-07-01 03:35:00+00:00,AR-004,incident_response,asphalt,base_area,1.515042,19.137965,42.718194,45.158217,50.498251,0,-45.062056,5.0,0.518197,0.984,1,0
2026-07-01 03:40:00+00:00,AR-004,incident_response,asphalt,open_perimeter,1.545771,19.61675625,43.506412,45.023128,49.403244,0,-58.552769,5.0,0.709657,0.984,1,0
2026-07-01 03:45:00+00:00,AR-004,incident_response,asphalt,open_perimeter,1.433156,18.67778,44.173483,44.937549,48.421176,0,-55.705138,5.0,0.453993,0.984,1,0
2026-07-01 03:50:00+00:00,AR-004,incident_response,gravel,open_perimeter,1.355165,20.248290500000003,46.423494,44.795941,47.521401,0,-55.090878,5.0,0.601308,0.984,1,0
2026-07-01 03:55:00+00:00,AR-004,coverage,gravel,tree_line,0.935977,14.8591455,42.895578,44.855406,46.801283,0,-68.6491,4.0,1.377013,0.999,1,0
2026-07-01 04:00:00+00:00,AR-004,coverage,dry_grass,tree_line,0.845463,15.6440635,43.485551,44.733203,45.892399,0,-68.163054,4.0,1.196547,0.999,1,0
2026-07-01 04:05:00+00:00,AR-004,coverage,dry_grass,tree_line,0.817244,15.039378999999998,42.451893,44.648345,44.994369,0,-72.019225,4.0,1.129679,0.999,1,0
2026-07-01 04:10:00+00:00,AR-004,coverage,wet_grass,building_shadow,0.641952,16.1032035,47.689644,44.53083,44.192082,0,-80.495007,3.0,1.80454,0.999,1,0
2026-07-01 04:15:00+00:00,AR-004,coverage,wet_grass,building_shadow,0.639731,15.32252875,48.032768,44.47277,43.492459,0,-73.162486,3.0,1.817162,0.999,1,0
2026-07-01 04:20:00+00:00,AR-004,coverage,wet_grass,building_shadow,0.727199,16.94627925,48.449787,44.292943,42.26381,0,-68.119791,3.0,1.874743,0.999,1,0
2026-07-01 04:25:00+00:00,AR-004,perimeter,mud,remote_edge,0.563922,17.82566575,57.758042,44.211596,41.741638,0,-70.429666,3.0,1.842677,0.999,1,0
2026-07-01 04:30:00+00:00,AR-004,perimeter,mud,remote_edge,0.51168,16.875480500000002,58.13289,44.095608,40.485449,0,-71.194465,4.0,1.452041,0.999,1,0
2026-07-01 04:35:00+00:00,AR-004,perimeter,sand,remote_edge,0.461106,18.34706375,67.614023,43.960866,39.624014,0,-70.01516,3.0,1.918811,0.999,1,0
2026-07-01 04:40:00+00:00,AR-004,perimeter,sand,base_area,0.544714,19.68242225,70.247021,43.834614,38.806762,0,-49.979394,4.0,1.129165,0.999,1,0
2026-07-01 04:45:00+00:00,AR-004,perimeter,sand,base_area,0.511101,19.524037,69.679586,43.756326,38.070988,0,-49.729285,5.0,0.514156,0.999,1,0
2026-07-01 04:50:00+00:00,AR-004,perimeter,rocky,base_area,0.796679,12.884292499999999,42.661555,43.818423,37.084057,0,-47.155073,5.0,0.607208,0.999,1,0
2026-07-01 04:55:00+00:00,AR-004,perimeter,rocky,open_perimeter,0.735469,12.716397,42.73925,43.709422,36.071857,0,-63.629789,5.0,0.51227,0.999,1,0
2026-07-01 05:00:00+00:00,AR-004,perimeter,asphalt,open_perimeter,0.981722,14.50220925,41.05995,43.579057,35.322453,0,-59.632039,5.0,0.539733,0.999,1,0
2026-07-01 05:05:00+00:00,AR-004,perimeter,asphalt,open_perimeter,0.986946,14.15620575,40.595409,43.479952,34.357266,0,-53.681026,5.0,0.530744,0.999,1,0
2026-07-01 05:10:00+00:00,AR-004,perimeter,gravel,tree_line,0.895531,15.33812975,42.927339,43.345885,33.434611,0,-64.002582,4.0,1.188969,0.999,1,0
2026-07-01 05:15:00+00:00,AR-004,perimeter,gravel,tree_line,0.82974,14.086762,41.898841,43.281948,32.573245,0,-62.728736,4.0,,0.999,1,1
2026-07-01 05:20:00+00:00,AR-004,perimeter,gravel,tree_line,0.83362,14.87814875,42.37324,43.159105,31.660148,0,-63.158087,4.0,1.222894,0.999,1,0
2026-07-01 05:25:00+00:00,AR-004,perimeter,dry_grass,building_shadow,0.792214,15.54267425,45.856915,43.049944,30.839762,0,-75.498425,4.0,1.184897,0.999,1,0
2026-07-01 05:30:00+00:00,AR-004,perimeter,dry_grass,building_shadow,0.860394,15.412699,45.41241,42.9438,29.861876,0,-77.212958,4.0,1.150135,0.999,1,0
2026-07-01 05:35:00+00:00,AR-004,perimeter,wet_grass,building_shadow,0.669461,17.003728,54.549858,42.831343,29.227145,0,-81.439277,4.0,1.133458,0.999,1,0
2026-07-01 05:40:00+00:00,AR-004,perimeter,wet_grass,remote_edge,0.734639,17.567790000000002,55.304418,42.691415,28.108728,0,-91.960662,3.0,1.948843,0.9969,1,0
2026-07-01 05:45:00+00:00,AR-004,perimeter,wet_grass,remote_edge,0.656122,16.0492325,55.088124,42.631608,27.222211,0,-81.703354,3.0,1.891215,0.999,1,0
2026-07-01 05:50:00+00:00,AR-004,perimeter,mud,remote_edge,0.545543,17.31236725,63.806959,42.512678,26.453566,0,-71.307873,3.0,1.773916,0.999,1,0
2026-07-01 05:55:00+00:00,AR-004,perimeter,mud,base_area,0.568547,17.735996749999998,62.992082,42.380939,25.37567,0,-45.206902,5.0,0.527766,0.999,1,0
2026-07-01 06:00:00+00:00,AR-004,perimeter,sand,base_area,0.507832,19.8751655,70.646795,42.251082,24.712828,0,-45.452567,5.0,0.493328,0.999,1,0
2026-07-01 06:05:00+00:00,AR-004,perimeter,sand,base_area,0.486975,18.885171,70.075991,42.170149,23.760389,0,-45.740678,5.0,0.477758,0.999,1,0
2026-07-01 06:10:00+00:00,AR-004,perimeter,rocky,open_perimeter,0.775708,12.8184755,41.438461,42.236388,22.94347,0,-57.869345,4.0,1.149207,0.999,1,0
2026-07-01 06:15:00+00:00,AR-004,perimeter,rocky,open_perimeter,0.784952,13.043296999999999,41.758622,42.13096,22.054338,0,-60.067629,4.0,1.244586,0.999,1,0
2026-07-01 06:20:00+00:00,AR-004,perimeter,rocky,open_perimeter,0.759423,12.7903415,42.574677,42.026822,21.065808,0,-59.155054,5.0,0.584346,0.999,1,0
2026-07-01 06:25:00+00:00,AR-004,escort,asphalt,tree_line,0.644625,11.00430675,40.144215,41.970137,20.145077,0,-73.22968,4.0,1.144513,0.9962,1,0
2026-07-01 06:30:00+00:00,AR-004,escort,asphalt,tree_line,0.672824,11.11771075,41.447172,41.895656,19.506393,0,-70.140158,4.0,1.06336,0.9962,1,0
2026-07-01 06:35:00+00:00,AR-004,escort,gravel,tree_line,0.627087,12.2453295,44.8556,41.75942,18.551777,0,-64.424115,3.0,1.681166,0.9962,1,0
2026-07-01 06:40:00+00:00,AR-004,escort,gravel,building_shadow,0.634634,12.397108,46.488727,41.652884,17.635794,0,-69.87451,4.0,1.125401,0.9962,1,0
2026-07-01 06:45:00+00:00,AR-004,escort,gravel,building_shadow,0.584466,11.9035595,46.145513,41.572415,16.802744,0,-66.751547,3.0,1.790626,0.9962,1,0
2026-07-01 06:50:00+00:00,AR-004,escort,dry_grass,building_shadow,0.583189,12.23736775,49.287432,41.451226,15.798193,0,-64.450962,4.0,1.152592,0.9962,1,0
2026-07-01 06:55:00+00:00,AR-004,escort,dry_grass,remote_edge,0.575589,12.50109275,47.622627,41.351363,14.967778,0,-78.115319,3.0,1.936875,0.992,1,0
2026-07-01 07:00:00+00:00,AR-004,escort,wet_grass,remote_edge,0.542335,15.04421275,54.723832,41.187465,14.094771,0,-79.788499,4.0,1.137385,0.992,1,0
2026-07-01 07:05:00+00:00,AR-004,escort,wet_grass,remote_edge,0.499079,13.968640999999998,54.080584,41.114602,13.194523,0,-85.764726,3.0,1.786946,0.992,1,0
2026-07-01 07:10:00+00:00,AR-004,escort,mud,base_area,0.375859,13.6034255,60.553673,41.013172,12.204119,0,-49.807933,5.0,0.45,0.992,1,0
2026-07-01 07:15:00+00:00,AR-004,return_to_dock,mud,base_area,0.484173,16.24690975,61.271377,40.849093,11.352796,0,-46.609858,5.0,0.612439,0.992,1,0
2026-07-01 07:20:00+00:00,AR-004,return_to_dock,mud,base_area,0.520929,17.62296525,61.240088,40.752044,10.727964,0,-40.455504,5.0,0.508693,0.992,1,0
2026-07-01 07:25:00+00:00,AR-004,charging,sand,open_perimeter,0.0,7.16626675,68.820835,42.51145,11.587257,1,-57.612289,5.0,0.568327,1.0,1,0
2026-07-01 07:30:00+00:00,AR-004,charging,sand,open_perimeter,0.0,6.9982435,68.614051,42.90638,15.074412,1,-58.79447,5.0,0.562773,1.0,1,0
2026-07-01 07:35:00+00:00,AR-004,charging,rocky,open_perimeter,0.0,5.47157525,42.051486,43.346683,18.651283,1,-51.672433,5.0,0.594411,1.0,1,0
2026-07-01 07:40:00+00:00,AR-004,charging,rocky,tree_line,0.0,5.1683657499999995,40.830231,43.753276,22.211191,1,-63.375979,4.0,1.110766,1.0,1,0
2026-07-01 07:45:00+00:00,AR-004,charging,rocky,tree_line,0.0,5.034222250000001,41.879047,44.150985,25.731023,1,-66.497263,4.0,1.195165,1.0,1,0
2026-07-01 07:50:00+00:00,AR-004,charging,asphalt,tree_line,0.0,4.8742935,40.07268,44.575651,29.48556,1,-69.371098,4.0,1.238584,1.0,1,0
2026-07-01 07:55:00+00:00,AR-004,charging,asphalt,building_shadow,0.0,5.2715939999999994,40.576528,44.938105,32.813989,1,-84.263875,3.0,1.827465,1.0,1,0
2026-07-01 08:00:00+00:00,AR-004,charging,gravel,building_shadow,0.0,5.33148975,43.24996,45.336385,36.383963,1,-80.203616,4.0,1.152569,1.0,1,0
2026-07-01 08:05:00+00:00,AR-004,charging,gravel,building_shadow,0.0,4.569787,41.161018,45.758602,39.976929,1,-72.971592,4.0,1.242944,1.0,1,0
2026-07-01 08:10:00+00:00,AR-004,charging,dry_grass,remote_edge,0.0,5.08759925,42.223856,46.154601,43.632843,1,-77.541651,3.0,1.804615,1.0,1,0
2026-07-01 08:15:00+00:00,AR-004,charging,dry_grass,remote_edge,0.0,5.147287,42.65765,46.543992,47.12341,1,-69.337046,3.0,1.886376,1.0,1,0
2026-07-01 08:20:00+00:00,AR-004,charging,dry_grass,remote_edge,0.0,5.573062499999999,42.630714,46.925757,50.630858,1,-68.578314,4.0,1.255414,1.0,1,0
2026-07-01 08:25:00+00:00,AR-004,charging,wet_grass,base_area,0.0,5.71339875,50.967288,47.312096,54.112893,1,-45.399315,5.0,0.472502,1.0,1,0
2026-07-01 08:30:00+00:00,AR-004,charging,wet_grass,base_area,0.0,6.6001285,51.74273,47.67982,57.60199,1,-47.665825,5.0,0.45,1.0,1,0
2026-07-01 08:35:00+00:00,AR-004,charging,mud,base_area,0.0,5.99005125,62.159882,48.101637,61.226589,1,-50.523377,5.0,0.585209,1.0,1,0
2026-07-01 08:40:00+00:00,AR-004,charging,mud,open_perimeter,0.0,6.0127647500000005,63.180463,48.48898,64.690281,1,-59.993377,5.0,0.581899,1.0,1,0
2026-07-01 08:45:00+00:00,AR-004,charging,mud,open_perimeter,0.0,6.636404000000001,62.477984,48.868602,68.224542,1,-60.21492,5.0,0.473976,1.0,1,0
2026-07-01 08:50:00+00:00,AR-004,charging,sand,open_perimeter,0.0,6.707172,71.364091,49.261797,71.751636,1,-57.008572,4.0,1.229936,1.0,1,0
2026-07-01 08:55:00+00:00,AR-004,charging,sand,tree_line,0.0,7.5764137499999995,71.873478,49.6517,75.434703,1,-69.531914,4.0,1.245289,1.0,1,0
2026-07-01 09:00:00+00:00,AR-004,charging,rocky,tree_line,0.0,4.8140815,42.060359,50.133229,79.092815,1,-59.351034,5.0,0.567481,1.0,1,0
2026-07-01 09:05:00+00:00,AR-004,charging,rocky,tree_line,0.0,5.17317975,41.479063,50.496199,82.416976,1,-60.832433,5.0,0.663376,1.0,1,0
2026-07-01 09:10:00+00:00,AR-004,charging,asphalt,building_shadow,0.0,5.470246250000001,38.516591,50.885003,85.957403,1,-68.189314,4.0,1.100093,1.0,1,0
2026-07-01 09:15:00+00:00,AR-004,charging,asphalt,building_shadow,0.0,5.089669000000001,38.224128,51.313763,89.697274,1,-70.422385,3.0,1.783109,1.0,1,0
2026-07-01 09:20:00+00:00,AR-004,charging,asphalt,building_shadow,0.0,5.37922025,38.365339,51.662893,92.881717,1,-76.750525,4.0,1.166558,1.0,1,0
2026-07-01 09:25:00+00:00,AR-004,incident_response,gravel,remote_edge,1.271114,19.146884749999998,52.439524,50.095514,94.583326,0,-86.790916,4.0,1.089722,0.9819,1,0
2026-07-01 09:30:00+00:00,AR-004,incident_response,gravel,remote_edge,1.286975,20.259463750000002,51.799468,49.961037,93.640918,0,-88.520806,4.0,1.242318,0.9819,1,0
2026-07-01 09:35:00+00:00,AR-004,incident_response,dry_grass,remote_edge,1.26207,20.08525025,54.98607,49.874024,92.823578,0,-82.204107,4.0,1.416,0.984,1,0
2026-07-01 09:40:00+00:00,AR-004,incident_response,dry_grass,base_area,1.233569,20.46278975,55.039619,49.76319,91.921633,0,-50.301122,5.0,0.531096,0.984,1,0
2026-07-01 09:45:00+00:00,AR-004,incident_response,dry_grass,base_area,1.242653,21.40092575,56.371012,49.650802,91.13595,0,-50.171123,5.0,0.611774,0.984,1,0
2026-07-01 09:50:00+00:00,AR-004,incident_response,wet_grass,base_area,1.091374,23.389063,62.099848,49.478678,90.060655,0,-44.298865,5.0,0.591037,0.984,1,0
2026-07-01 09:55:00+00:00,AR-004,perimeter,wet_grass,open_perimeter,0.693862,17.095731750000002,58.335989,49.555572,89.28626,0,-58.536408,5.0,0.45,0.999,1,0
2026-07-01 10:00:00+00:00,AR-004,perimeter,mud,open_perimeter,0.579507,18.27300625,65.775896,49.445727,88.578792,0,-59.108563,4.0,1.334696,0.999,1,0
2026-07-01 10:05:00+00:00,AR-004,perimeter,mud,open_perimeter,0.514847,17.644013,65.13627,49.344621,87.530049,0,-60.40185,5.0,0.564259,0.999,1,0
2026-07-01 10:10:00+00:00,AR-004,perimeter,sand,tree_line,0.464567,18.789274250000002,72.559592,49.193357,86.445339,0,-70.701916,5.0,0.462973,0.999,1,0
2026-07-01 10:15:00+00:00,AR-004,perimeter,sand,tree_line,0.505027,19.411006,72.643357,49.078901,85.567746,0,-71.873385,4.0,1.159807,0.999,1,0
2026-07-01 10:20:00+00:00,AR-004,perimeter,sand,tree_line,0.490909,19.44357,72.156451,48.982447,84.714102,0,-69.144171,5.0,0.660934,0.999,1,0
2026-07-01 10:25:00+00:00,AR-004,incident_response,rocky,building_shadow,1.18192,17.59299525,49.006758,48.953152,84.022943,0,-77.904725,4.0,1.084139,0.984,1,0
2026-07-01 10:30:00+00:00,AR-004,incident_response,rocky,building_shadow,1.257045,18.53364925,51.246438,48.848561,83.307467,0,-69.644229,4.0,1.117703,0.984,1,0
2026-07-01 10:35:00+00:00,AR-004,incident_response,asphalt,building_shadow,1.502404,19.49134725,52.826226,48.711988,82.310388,0,-62.944639,4.0,1.345196,0.984,1,0
2026-07-01 10:40:00+00:00,AR-004,incident_response,asphalt,remote_edge,1.526393,19.92919975,53.510742,48.597066,81.385941,0,-71.51248,4.0,1.246595,0.984,1,0
2026-07-01 10:45:00+00:00,AR-004,incident_response,asphalt,remote_edge,1.560159,20.252427,53.863687,48.500891,80.602272,0,-73.300265,4.0,1.153462,0.984,1,0
2026-07-01 10:50:00+00:00,AR-004,incident_response,gravel,remote_edge,1.259473,19.41931175,53.447206,48.405822,79.560033,0,-77.604306,3.0,1.94023,0.984,1,0
2026-07-01 10:55:00+00:00,AR-004,coverage,gravel,base_area,0.860016,15.0833695,49.744209,48.43573,78.820514,0,-51.111134,5.0,0.587987,0.999,1,0
2026-07-01 11:00:00+00:00,AR-004,coverage,dry_grass,base_area,0.815583,15.532561000000001,51.29893,48.295966,77.676897,0,-47.740917,5.0,0.45,0.999,1,0
2026-07-01 11:05:00+00:00,AR-004,coverage,dry_grass,base_area,0.77973,14.464842,49.489791,48.227531,76.818006,0,-45.469138,5.0,0.576788,0.999,1,0
2026-07-01 11:10:00+00:00,AR-004,coverage,wet_grass,open_perimeter,0.727181,17.357851500000002,55.102071,48.057236,75.969111,0,-62.339615,5.0,0.45,0.999,1,0
2026-07-01 11:15:00+00:00,AR-004,coverage,wet_grass,open_perimeter,0.720577,17.247166749999998,55.338049,47.955637,75.036281,0,-55.389543,4.0,1.297378,0.999,1,0
2026-07-01 11:20:00+00:00,AR-004,coverage,wet_grass,open_perimeter,0.720214,17.363128000000003,55.094433,47.87034,74.301619,0,-51.19709,5.0,0.55809,0.999,1,0
2026-07-01 11:25:00+00:00,AR-004,perimeter,mud,tree_line,0.651934,19.82077825,64.95342,47.698704,73.339683,0,-60.176416,4.0,1.259705,0.999,1,0
2026-07-01 11:30:00+00:00,AR-004,perimeter,mud,tree_line,0.645907,20.3212635,65.400917,47.577303,72.37193,0,-64.051841,4.0,1.201622,0.999,1,0
2026-07-01 11:35:00+00:00,AR-004,perimeter,sand,tree_line,0.527568,20.64954825,75.968921,47.463897,71.435579,0,-63.727574,4.0,1.256605,0.999,1,0
2026-07-01 11:40:00+00:00,AR-004,perimeter,sand,building_shadow,0.538073,21.0191715,75.077112,47.386508,70.830413,0,-77.843141,3.0,1.770714,0.999,1,0
2026-07-01 11:45:00+00:00,AR-004,perimeter,sand,building_shadow,0.472318,18.9807585,75.215778,47.31855,69.750443,0,-77.692114,4.0,1.307583,0.999,1,0
2026-07-01 11:50:00+00:00,AR-004,perimeter,rocky,building_shadow,0.772522,13.26472575,47.809639,47.368282,68.867547,0,-77.916822,4.0,1.236118,0.999,1,0
2026-07-01 11:55:00+00:00,AR-004,perimeter,rocky,remote_edge,0.725995,13.080600250000002,46.664005,47.314664,68.346066,0,-86.537105,4.0,1.302872,0.9969,1,0
2026-07-01 12:00:00+00:00,AR-004,perimeter,asphalt,remote_edge,0.997584,14.39480575,45.31208,47.136035,67.056254,0,-75.210788,4.0,1.32086,0.999,1,0
2026-07-01 12:05:00+00:00,AR-004,perimeter,asphalt,remote_edge,0.997593,15.05839925,45.724933,47.028808,66.252915,0,-70.049076,3.0,1.812755,0.999,1,0
2026-07-01 12:10:00+00:00,AR-004,perimeter,gravel,base_area,0.858584,14.79920925,46.73144,46.94811,65.472228,0,-49.567287,5.0,0.539743,0.999,1,0
2026-07-01 12:15:00+00:00,AR-004,perimeter,gravel,base_area,0.937705,15.53576525,46.713359,46.812312,64.430727,0,-43.636467,5.0,0.504488,0.999,1,0
2026-07-01 12:20:00+00:00,AR-004,perimeter,gravel,base_area,0.940435,15.567525750000001,46.98322,46.710404,63.528214,0,-44.092006,5.0,0.524448,0.999,1,0
2026-07-01 12:25:00+00:00,AR-004,perimeter,dry_grass,open_perimeter,0.81186,15.26586575,49.420525,46.610514,62.566304,0,-62.271964,5.0,0.558565,0.999,1,0
2026-07-01 12:30:00+00:00,AR-004,perimeter,dry_grass,open_perimeter,0.816059,15.832083,48.690125,46.504,61.746734,0,-62.847921,4.0,1.336253,0.999,1,0
2026-07-01 12:35:00+00:00,AR-004,perimeter,wet_grass,open_perimeter,0.763919,18.04798325,56.189313,46.347129,60.860504,0,-60.827809,5.0,0.511377,0.999,1,0
2026-07-01 12:40:00+00:00,AR-004,perimeter,wet_grass,tree_line,0.690347,16.39602525,56.283764,46.315495,60.194572,0,-68.63212,4.0,1.245822,0.999,1,0
2026-07-01 12:45:00+00:00,AR-004,perimeter,wet_grass,tree_line,0.697112,16.57729025,57.097969,46.20503,59.250357,0,-67.531689,4.0,1.235804,0.999,1,0
2026-07-01 12:50:00+00:00,AR-004,perimeter,mud,tree_line,0.585873,18.650332,65.314986,46.025236,58.12629,0,-57.562487,4.0,1.243873,0.999,1,0
2026-07-01 12:55:00+00:00,AR-004,coverage,mud,building_shadow,0.549692,18.2177865,64.080038,45.941171,57.2753,0,-67.236112,3.0,1.846864,0.999,1,0
2026-07-01 13:00:00+00:00,AR-004,coverage,sand,building_shadow,0.509333,20.0972375,73.958142,45.79713,56.425515,0,-68.728471,4.0,1.223391,0.999,1,0
2026-07-01 13:05:00+00:00,AR-004,coverage,sand,building_shadow,0.448364,18.469674,71.456928,45.753253,55.655932,0,-68.732353,4.0,1.26175,0.999,1,0
2026-07-01 13:10:00+00:00,AR-004,coverage,rocky,remote_edge,0.774414,12.73321,42.888539,45.782691,54.58709,0,-81.744711,4.0,1.250901,0.999,1,0
2026-07-01 13:15:00+00:00,AR-004,coverage,rocky,remote_edge,0.812459,14.1958175,43.744289,45.684662,54.051364,0,-88.277314,3.0,1.933177,0.9969,1,0
2026-07-01 13:20:00+00:00,AR-004,coverage,rocky,remote_edge,0.779609,13.42398375,43.715682,45.588413,53.012826,0,-85.72837,3.0,1.736665,0.999,1,0
2026-07-01 13:25:00+00:00,AR-004,coverage,asphalt,base_area,0.965332,14.156409250000001,43.303688,45.470002,52.125617,0,-52.622858,5.0,0.512894,0.999,1,0
2026-07-01 13:30:00+00:00,AR-004,coverage,asphalt,base_area,0.993891,14.799006,44.545042,45.353356,51.233309,0,-49.188212,4.0,1.248463,0.999,1,0
2026-07-01 13:35:00+00:00,AR-004,coverage,gravel,base_area,0.815407,14.0643785,46.995425,45.272999,50.345294,0,-44.704799,5.0,0.647287,0.999,1,0
2026-07-01 13:40:00+00:00,AR-004,coverage,gravel,open_perimeter,0.852679,15.09936375,47.169621,45.149497,49.482861,0,-56.157095,5.0,0.630834,0.999,1,0
2026-07-01 13:45:00+00:00,AR-004,coverage,gravel,open_perimeter,0.884361,14.649640750000001,48.177481,45.053253,48.519139,0,-54.334954,5.0,0.517986,0.999,1,0
2026-07-01 13:50:00+00:00,AR-004,coverage,dry_grass,open_perimeter,0.858359,15.59458875,48.79107,44.958884,47.895923,0,-52.30001,5.0,0.57373,0.999,1,0
2026-07-01 13:55:00+00:00,AR-004,perimeter,dry_grass,tree_line,0.837382,15.693250249999998,48.930128,44.848825,46.936152,0,-70.105126,4.0,1.111338,0.999,1,0
2026-07-01 14:00:00+00:00,AR-004,perimeter,wet_grass,tree_line,0.684229,16.07539,53.315918,44.71231,45.80598,0,-69.845415,5.0,0.658117,0.999,1,0
2026-07-01 14:05:00+00:00,AR-004,perimeter,wet_grass,tree_line,0.683418,16.691187000000003,52.688564,44.587146,44.8314,0,-68.382168,4.0,1.142478,0.999,1,0
2026-07-01 14:10:00+00:00,AR-004,perimeter,mud,building_shadow,0.562625,17.77378275,59.509407,44.488539,44.202296,0,-81.370846,4.0,1.07064,0.999,1,0
2026-07-01 14:15:00+00:00,AR-004,perimeter,mud,building_shadow,0.529016,16.9123175,59.860228,44.384449,43.072941,0,-73.815233,4.0,1.212937,0.999,1,0
2026-07-01 14:20:00+00:00,AR-004,perimeter,mud,building_shadow,0.584628,18.29080425,59.774266,44.285107,42.50596,0,-68.178042,3.0,1.84778,0.999,1,0
2026-07-01 14:25:00+00:00,AR-004,perimeter,sand,remote_edge,0.519521,20.2707345,68.922235,44.116225,41.457719,0,-72.260201,4.0,1.174507,0.999,1,0
2026-07-01 14:30:00+00:00,AR-004,perimeter,sand,remote_edge,0.467639,18.08482775,68.922242,44.104713,40.847487,0,-72.649305,3.0,1.788674,0.999,1,0
2026-07-01 14:35:00+00:00,AR-004,perimeter,rocky,remote_edge,0.757287,12.93744775,42.974972,44.107431,39.676827,0,-70.040987,3.0,1.827604,0.999,1,0
2026-07-01 14:40:00+00:00,AR-004,perimeter,rocky,base_area,0.779941,13.29234175,43.437645,44.009763,38.887179,0,-49.379743,5.0,0.541524,0.999,1,0
2026-07-01 14:45:00+00:00,AR-004,perimeter,rocky,base_area,0.790987,13.275920750000001,43.900471,43.915057,38.03778,0,-48.678465,5.0,0.45,0.999,1,0
2026-07-01 14:50:00+00:00,AR-004,perimeter,asphalt,base_area,1.042886,14.905657,44.342312,43.789737,37.297182,0,-41.345413,5.0,0.548938,0.999,1,0
2026-07-01 14:55:00+00:00,AR-004,coverage,asphalt,open_perimeter,1.004102,14.6022135,43.487392,43.687558,36.314424,0,-62.042419,5.0,0.545572,0.999,1,0
2026-07-01 15:00:00+00:00,AR-004,coverage,gravel,open_perimeter,0.884015,14.47844175,43.811148,43.561545,35.160572,0,-57.921915,4.0,1.199259,0.999,1,0
2026-07-01 15:05:00+00:00,AR-004,coverage,gravel,open_perimeter,0.87808,14.7275605,43.441086,43.45355,34.254168,0,-55.714266,5.0,0.520783,0.999,1,0
2026-07-01 15:10:00+00:00,AR-004,coverage,dry_grass,tree_line,0.807285,14.988411249999999,44.570454,43.367787,33.548983,0,-63.576463,4.0,1.189279,0.999,1,0
2026-07-01 15:15:00+00:00,AR-004,coverage,dry_grass,tree_line,0.804757,12.39349975,43.042529,43.280715,32.766399,0,-61.597356,4.0,1.228592,0.999,1,0
2026-07-01 15:20:00+00:00,AR-004,coverage,dry_grass,tree_line,0.840798,15.230809999999998,43.733431,43.143034,31.59853,0,-61.868222,4.0,1.162725,0.999,1,0
2026-07-01 15:25:00+00:00,AR-004,perimeter,wet_grass,building_shadow,0.705669,16.9213035,49.557081,43.02867,30.969856,0,-73.395086,5.0,0.568035,0.999,1,0
2026-07-01 15:30:00+00:00,AR-004,perimeter,wet_grass,building_shadow,0.677882,16.8343695,49.372673,42.905269,29.847877,0,-78.448163,4.0,1.119252,0.999,1,0
2026-07-01 15:35:00+00:00,AR-004,perimeter,mud,building_shadow,0.584669,17.692536999999998,60.042028,42.805156,29.153233,0,-79.565775,4.0,1.04275,0.999,1,0
2026-07-01 15:40:00+00:00,AR-004,perimeter,mud,remote_edge,0.591805,18.93602875,59.556532,42.677406,28.30127,0,-87.64896,4.0,1.147469,0.9969,1,0
2026-07-01 15:45:00+00:00,AR-004,perimeter,mud,remote_edge,0.57198,18.53618675,61.16594,42.591138,27.4382,0,-82.81951,3.0,1.803031,0.999,1,0
2026-07-01 15:50:00+00:00,AR-004,perimeter,sand,remote_edge,0.478593,18.5834695,67.677677,42.484054,26.493077,0,-75.32375,4.0,1.163788,0.999,1,0
2026-07-01 15:55:00+00:00,AR-004,incident_response,sand,base_area,0.694529,24.07363175,70.631368,42.223028,25.436982,0,-46.982061,5.0,0.623626,0.984,1,0
2026-07-01 16:00:00+00:00,AR-004,incident_response,rocky,base_area,1.175936,17.348554,43.130468,42.316764,24.712734,0,-46.878308,4.0,1.051527,0.984,1,0
2026-07-01 16:05:00+00:00,AR-004,incident_response,rocky,base_area,1.147918,17.09751825,41.747996,42.221489,23.803791,0,-41.803573,5.0,0.618268,0.984,1,0
2026-07-01 16:10:00+00:00,AR-004,incident_response,asphalt,open_perimeter,1.524329,19.063917,42.134854,42.054372,22.768157,0,-59.305805,5.0,0.471642,0.984,1,0
2026-07-01 16:15:00+00:00,AR-004,incident_response,asphalt,open_perimeter,1.42473,18.01715,39.642011,41.984582,21.902037,0,-58.55441,5.0,0.494408,0.9812,1,0
2026-07-01 16:20:00+00:00,AR-004,incident_response,asphalt,open_perimeter,1.480325,18.942584500000002,42.273444,41.876091,21.148195,0,-58.989497,5.0,0.525359,0.9812,1,0
2026-07-01 16:25:00+00:00,AR-004,coverage,gravel,tree_line,0.840546,13.77825775,39.034921,41.910255,20.254375,0,-73.743835,4.0,1.188244,0.9962,1,0
2026-07-01 16:30:00+00:00,AR-004,coverage,gravel,tree_line,0.922666,15.48248675,41.699376,41.777981,19.468982,0,-67.648673,4.0,1.368766,0.9962,1,0
2026-07-01 16:35:00+00:00,AR-004,coverage,dry_grass,tree_line,0.764574,14.140704750000001,42.07711,41.692594,18.395106,0,-63.197139,5.0,0.515724,0.9962,1,0
2026-07-01 16:40:00+00:00,AR-004,coverage,dry_grass,building_shadow,0.835776,15.56718475,43.393198,41.570317,17.634502,0,-70.71517,4.0,1.119517,0.9962,1,0
2026-07-01 16:45:00+00:00,AR-004,coverage,dry_grass,building_shadow,0.791125,14.486289750000001,42.483371,41.503162,16.78398,0,-66.538769,4.0,1.14254,0.9962,1,0
2026-07-01 16:50:00+00:00,AR-004,coverage,wet_grass,building_shadow,0.677158,16.412165,49.319006,41.35086,15.871216,0,-60.69039,4.0,1.241247,0.9962,1,0
2026-07-01 16:55:00+00:00,AR-004,coverage,wet_grass,remote_edge,0.718686,16.675734249999998,48.538764,41.216287,14.730855,0,-75.989497,3.0,1.886243,0.992,1,0
2026-07-01 17:00:00+00:00,AR-004,coverage,mud,remote_edge,0.53735,17.627592,55.366387,41.121166,14.102528,0,-82.432192,3.0,1.851739,0.992,1,0
2026-07-01 17:05:00+00:00,AR-004,coverage,mud,remote_edge,0.528251,17.15996675,54.958717,41.019687,13.087913,0,-84.87745,3.0,1.669337,0.992,1,0
2026-07-01 17:10:00+00:00,AR-004,coverage,sand,base_area,0.472178,17.746123500000003,61.658207,40.890067,12.066661,0,-51.478283,5.0,0.64317,0.992,1,0
2026-07-01 17:15:00+00:00,AR-004,return_to_dock,sand,base_area,0.450372,17.972731,61.367572,40.80029,11.317685,0,-48.55493,5.0,0.472668,0.992,1,0
2026-07-01 17:20:00+00:00,AR-004,return_to_dock,sand,base_area,0.462707,17.93455125,62.594738,40.726731,10.652045,0,-48.289882,5.0,0.721795,0.992,1,0
2026-07-01 17:25:00+00:00,AR-004,charging,rocky,open_perimeter,0.0,5.5658752499999995,30.086191,42.544137,11.507586,1,-59.831238,4.0,1.137045,1.0,1,0
2026-07-01 17:30:00+00:00,AR-004,charging,rocky,open_perimeter,0.0,5.08733775,29.904209,42.9656,15.159563,1,-56.481585,5.0,0.495574,1.0,1,0
2026-07-01 17:35:00+00:00,AR-004,charging,asphalt,open_perimeter,0.0,4.770548499999999,29.997519,43.354643,18.559622,1,-54.268459,5.0,0.568625,1.0,1,0
2026-07-01 17:40:00+00:00,AR-004,charging,asphalt,tree_line,0.0,4.93691125,30.576373,43.766702,22.277339,1,-64.062865,4.0,1.226947,1.0,1,0
2026-07-01 17:45:00+00:00,AR-004,charging,asphalt,tree_line,0.0,4.9142685,28.893229,44.155511,25.74359,1,-68.641207,4.0,1.206599,1.0,1,0
2026-07-01 17:50:00+00:00,AR-004,charging,gravel,tree_line,0.0,4.8254459999999995,33.248608,44.570416,29.42748,1,-67.512592,4.0,0.965057,1.0,1,0
2026-07-01 17:55:00+00:00,AR-004,charging,gravel,building_shadow,0.0,5.24271875,32.720295,44.950668,32.919455,1,-81.514391,4.0,1.217462,1.0,1,0
2026-07-01 18:00:00+00:00,AR-004,charging,dry_grass,building_shadow,0.0,5.45617225,33.930481,45.314149,36.214367,1,-79.188679,4.0,1.272443,1.0,1,0
2026-07-01 18:05:00+00:00,AR-004,charging,dry_grass,building_shadow,0.0,4.95597225,33.406068,45.749704,39.98714,1,-75.094209,4.0,1.248802,1.0,1,0
2026-07-01 18:10:00+00:00,AR-004,charging,wet_grass,remote_edge,0.0,4.91174925,38.31891,46.134972,43.416763,1,-82.742946,3.0,1.853416,1.0,1,0
2026-07-01 18:15:00+00:00,AR-004,charging,wet_grass,remote_edge,0.0,5.468637999999999,37.730846,46.532108,47.091902,1,-69.018573,3.0,1.812317,1.0,1,0
2026-07-01 18:20:00+00:00,AR-004,charging,wet_grass,remote_edge,0.0,5.02337975,39.227229,46.926346,50.508515,1,-64.257426,3.0,1.957133,1.0,1,0
2026-07-01 18:25:00+00:00,AR-004,charging,mud,base_area,0.0,5.7082325,48.264901,47.301603,54.018012,1,-46.272168,5.0,0.59277,1.0,1,0
2026-07-01 18:30:00+00:00,AR-004,charging,mud,base_area,0.0,5.48275675,48.936347,47.709593,57.608435,1,-49.30125,5.0,0.595156,1.0,1,0
2026-07-01 18:35:00+00:00,AR-004,charging,sand,base_area,0.0,6.4873975,57.313836,48.099149,61.319835,1,-47.35943,5.0,0.45,1.0,1,0
2026-07-01 18:40:00+00:00,AR-004,charging,sand,open_perimeter,0.0,5.716538750000001,58.505384,48.483876,64.575943,1,-61.651173,5.0,0.710814,1.0,1,0
2026-07-01 18:45:00+00:00,AR-004,charging,sand,open_perimeter,0.0,6.4228655,58.920175,48.888767,68.355015,1,-60.260144,5.0,0.592752,1.0,1,0
2026-07-01 18:50:00+00:00,AR-004,charging,rocky,open_perimeter,0.0,5.205890999999999,29.699798,49.303523,71.775676,1,-57.538862,5.0,0.45,1.0,1,0
2026-07-01 18:55:00+00:00,AR-004,charging,rocky,tree_line,0.0,5.346142,30.141401,49.701632,75.36278,1,-63.061644,4.0,1.261226,1.0,1,0
2026-07-01 19:00:00+00:00,AR-004,charging,asphalt,tree_line,0.0,4.8291319999999995,27.572184,50.104083,78.836074,1,-64.262547,4.0,1.35219,1.0,1,0
2026-07-01 19:05:00+00:00,AR-004,charging,asphalt,tree_line,0.0,4.729368,25.422332,50.516542,82.495584,1,-58.903802,5.0,0.595846,1.0,1,0
2026-07-01 19:10:00+00:00,AR-004,charging,gravel,building_shadow,0.0,5.44196175,28.16036,50.871074,85.826475,1,-67.932386,3.0,1.781057,1.0,1,0
2026-07-01 19:15:00+00:00,AR-004,charging,gravel,building_shadow,0.0,5.3812455,27.29349,51.266502,89.342985,1,-71.475309,4.0,1.054433,1.0,1,0
2026-07-01 19:20:00+00:00,AR-004,charging,gravel,building_shadow,0.0,4.870322249999999,26.825833,51.690689,93.011766,1,-75.171313,4.0,1.315507,1.0,1,0
2026-07-01 19:25:00+00:00,AR-004,escort,dry_grass,remote_edge,0.547938,11.92491375,33.728371,50.29042,94.647033,0,-87.890194,3.0,1.872313,0.9969,1,0
2026-07-01 19:30:00+00:00,AR-004,escort,dry_grass,remote_edge,0.531966,11.553789499999999,34.846401,50.174871,93.529191,0,-86.958735,3.0,1.861151,0.9969,1,0
2026-07-01 19:35:00+00:00,AR-004,escort,wet_grass,remote_edge,0.511759,13.42072475,42.35317,50.044325,92.796998,0,-81.383646,4.0,1.129389,0.999,1,0
2026-07-01 19:40:00+00:00,AR-004,escort,wet_grass,base_area,0.502506,12.991825749999999,42.856933,49.939176,91.7586,0,-49.032456,5.0,0.516553,0.999,1,0
2026-07-01 19:45:00+00:00,AR-004,escort,wet_grass,base_area,0.481396,12.95331975,43.463293,49.878329,91.206388,0,-48.234156,5.0,0.549913,0.999,1,0
2026-07-01 19:50:00+00:00,AR-004,escort,mud,base_area,0.466631,15.983876499999997,52.470231,49.683416,90.169616,0,-43.709821,5.0,0.537979,0.999,1,0
2026-07-01 19:55:00+00:00,AR-004,perimeter,mud,open_perimeter,0.4793,15.49104125,51.046127,49.615227,89.446376,0,-54.539771,5.0,0.521527,0.999,1,0
2026-07-01 20:00:00+00:00,AR-004,perimeter,sand,open_perimeter,0.465437,18.44619675,60.137564,49.441399,88.580355,0,-55.408014,4.0,1.108066,0.999,1,0
2026-07-01 20:05:00+00:00,AR-004,perimeter,sand,open_perimeter,0.46215,17.501033,58.794831,49.353342,87.574718,0,-58.180486,5.0,0.508925,0.999,1,0
2026-07-01 20:10:00+00:00,AR-004,perimeter,rocky,tree_line,0.782307,12.937240249999999,31.187534,49.365044,86.619755,0,-71.931555,5.0,0.5406,0.999,1,0
2026-07-01 20:15:00+00:00,AR-004,perimeter,rocky,tree_line,0.827157,13.34614775,32.191549,49.275892,85.918673,0,-68.206658,4.0,1.23319,0.999,1,0
2026-07-01 20:20:00+00:00,AR-004,perimeter,rocky,tree_line,0.742379,13.169378750000002,31.096066,49.15807,84.825659,0,-72.737537,4.0,1.237277,0.999,1,0
2026-07-01 20:25:00+00:00,AR-004,escort,asphalt,building_shadow,0.741136,12.565206499999999,27.917996,49.090427,84.081446,0,-74.556309,4.0,1.206808,0.999,1,0
2026-07-01 20:30:00+00:00,AR-004,escort,asphalt,building_shadow,0.662704,10.892527249999999,29.899573,49.031691,83.168721,0,-71.438421,4.0,1.1792,0.999,1,0
2026-07-01 20:35:00+00:00,AR-004,escort,gravel,building_shadow,0.643349,12.578442249999998,33.387526,48.879313,82.199578,0,-61.046973,4.0,1.242196,0.999,1,0
2026-07-01 20:40:00+00:00,AR-004,escort,gravel,remote_edge,0.629485,11.78395175,33.517299,48.81296,81.422706,0,-73.213584,3.0,1.762073,0.999,1,0
2026-07-01 20:45:00+00:00,AR-004,escort,gravel,remote_edge,0.61222,12.52346775,32.950891,48.690749,80.503208,0,-71.4902,3.0,1.850238,0.999,1,0
2026-07-01 20:50:00+00:00,AR-004,escort,dry_grass,remote_edge,0.557228,11.92853525,34.440051,48.596702,79.525394,0,-79.693967,4.0,1.229333,0.999,1,0
2026-07-01 20:55:00+00:00,AR-004,coverage,dry_grass,base_area,0.841872,15.16720725,36.920265,48.401382,78.533296,0,-49.719157,5.0,0.598722,0.999,1,0
2026-07-01 21:00:00+00:00,AR-004,coverage,wet_grass,base_area,0.707479,16.35885975,41.251556,48.29066,77.821339,0,-49.069976,5.0,0.494648,0.999,1,0
2026-07-01 21:05:00+00:00,AR-004,coverage,wet_grass,base_area,0.68832,15.4843945,40.32581,48.200906,76.816969,0,-47.539538,4.0,1.013521,0.999,1,0
2026-07-01 21:10:00+00:00,AR-004,coverage,mud,open_perimeter,0.540717,17.208376,48.456114,48.054995,75.9144,0,-59.643403,4.0,1.170693,0.999,1,0
2026-07-01 21:15:00+00:00,AR-004,coverage,mud,open_perimeter,0.534038,16.114966250000002,47.585023,47.995534,75.129674,0,-55.624861,5.0,0.573473,0.999,1,0
2026-07-01 21:20:00+00:00,AR-004,coverage,mud,open_perimeter,0.549904,16.99535775,48.076232,47.878952,74.293139,0,-55.613555,4.0,1.201135,0.999,1,0
2026-07-01 21:25:00+00:00,AR-004,coverage,sand,tree_line,0.466953,17.840163,57.293407,47.753083,73.365419,0,-63.898098,4.0,1.267762,0.999,1,0
2026-07-01 21:30:00+00:00,AR-004,coverage,sand,tree_line,0.47795,17.62095325,57.339297,47.669621,72.569336,0,-64.223669,4.0,0.960401,0.999,1,0
2026-07-01 21:35:00+00:00,AR-004,coverage,rocky,tree_line,0.745681,12.665408499999998,32.331225,47.690982,71.609665,0,-63.587415,5.0,0.45,0.999,1,0
2026-07-01 21:40:00+00:00,AR-004,coverage,rocky,building_shadow,0.818078,13.7297145,32.975247,47.574157,70.813656,0,-78.6242,4.0,1.211442,0.999,1,0
2026-07-01 21:45:00+00:00,AR-004,coverage,rocky,building_shadow,0.809611,13.42235225,32.359071,47.481496,69.914978,0,-81.028148,4.0,1.120673,0.999,1,0
2026-07-01 21:50:00+00:00,AR-004,coverage,asphalt,building_shadow,0.956426,14.138903250000002,32.536487,47.3759,69.138492,0,-73.953744,4.0,1.298204,0.999,1,0
2026-07-01 21:55:00+00:00,AR-004,incident_response,asphalt,remote_edge,1.470164,18.616180999999997,36.517827,47.137824,68.052182,0,-86.083187,4.0,1.220775,0.9819,1,0
2026-07-01 22:00:00+00:00,AR-004,incident_response,gravel,remote_edge,1.31655,20.17719025,37.050872,47.006671,67.243555,0,-80.362609,4.0,1.00921,0.984,1,0
2026-07-01 22:05:00+00:00,AR-004,incident_response,gravel,remote_edge,1.269994,18.47941425,35.028287,46.927446,66.142059,0,-67.858944,4.0,1.264656,0.984,1,0
2026-07-01 22:10:00+00:00,AR-004,incident_response,dry_grass,base_area,1.186499,17.479744,37.073175,46.824086,65.330702,0,-50.789557,5.0,0.607743,0.984,1,0
2026-07-01 22:15:00+00:00,AR-004,incident_response,dry_grass,base_area,1.206274,19.61148875,36.057205,46.711573,64.477424,0,-44.329759,5.0,0.506854,0.984,1,0
2026-07-01 22:20:00+00:00,AR-004,incident_response,dry_grass,base_area,1.322356,20.97400425,37.433388,46.600368,63.800823,0,-46.152206,5.0,0.620672,0.984,1,0
2026-07-01 22:25:00+00:00,AR-004,pursuit,wet_grass,open_perimeter,1.076567,22.07488425,43.619814,46.430566,62.540295,0,-60.284806,4.0,1.19836,0.984,1,0
2026-07-01 22:30:00+00:00,AR-004,pursuit,wet_grass,open_perimeter,1.140331,22.68631375,46.120087,46.327479,61.761817,0,-59.727593,4.0,1.298546,0.984,1,0
2026-07-01 22:35:00+00:00,AR-004,pursuit,mud,open_perimeter,0.844254,23.018043749999997,53.585327,46.200678,60.70667,0,-62.217452,5.0,0.558622,0.984,1,0
2026-07-01 22:40:00+00:00,AR-004,pursuit,mud,tree_line,0.919563,24.64049375,54.23915,46.092559,60.11796,0,-69.620508,3.0,1.932672,0.984,1,0
2026-07-01 22:45:00+00:00,AR-004,pursuit,mud,tree_line,0.829258,22.821551,52.425268,46.04816,59.299288,0,-64.457911,4.0,1.23171,0.984,1,0
2026-07-01 22:50:00+00:00,AR-004,pursuit,sand,tree_line,0.803547,26.42651025,62.203817,45.827361,58.164735,0,-60.142568,4.0,1.138547,0.984,1,0
2026-07-01 22:55:00+00:00,AR-004,coverage,sand,building_shadow,0.529022,19.9155585,60.014136,45.90558,57.351649,0,-68.690494,4.0,1.094971,0.999,1,0
2026-07-01 23:00:00+00:00,AR-004,coverage,rocky,building_shadow,0.826525,13.82041825,32.604999,45.968758,56.500793,0,-64.608474,4.0,1.210995,0.999,1,0
2026-07-01 23:05:00+00:00,AR-004,coverage,rocky,building_shadow,0.742798,12.484126999999999,30.502734,45.905327,55.624239,0,-64.590095,4.0,1.256145,0.999,1,0
2026-07-01 23:10:00+00:00,AR-004,coverage,asphalt,remote_edge,1.015052,14.70877475,30.419828,45.754455,54.7936,0,-82.029011,4.0,1.156024,0.999,1,0
2026-07-01 23:15:00+00:00,AR-004,coverage,asphalt,remote_edge,1.046855,14.475872249999998,30.757437,45.656216,53.862402,0,-88.406781,4.0,1.210292,0.9969,1,0
2026-07-01 23:20:00+00:00,AR-004,coverage,asphalt,remote_edge,1.013268,14.57649525,30.342332,45.535382,52.806887,0,-87.522675,3.0,1.715446,0.9969,1,0
2026-07-01 23:25:00+00:00,AR-004,perimeter,gravel,base_area,0.878392,14.69279,32.824846,45.450611,52.076996,0,-47.831377,5.0,0.543284,0.999,1,0
2026-07-01 23:30:00+00:00,AR-004,perimeter,gravel,base_area,0.887419,14.678448,33.786416,45.341499,51.099451,0,-47.731859,5.0,0.552706,0.999,1,0
2026-07-01 23:35:00+00:00,AR-004,perimeter,dry_grass,base_area,0.828033,14.838892249999999,36.512944,45.226543,50.110304,0,-46.471654,5.0,0.689168,0.999,1,0
2026-07-01 23:40:00+00:00,AR-004,perimeter,dry_grass,open_perimeter,0.774569,14.396551,36.676087,45.170974,49.511471,0,-56.268901,5.0,0.470209,0.999,1,0
2026-07-01 23:45:00+00:00,AR-004,perimeter,dry_grass,open_perimeter,0.813104,14.687451750000001,36.561992,45.063527,48.619646,0,-54.142061,4.0,1.28913,0.999,1,0
2026-07-01 23:50:00+00:00,AR-004,perimeter,wet_grass,open_perimeter,0.706505,16.1402965,44.7967,44.930094,47.765553,0,-55.476959,5.0,0.521547,0.999,1,0
2026-07-01 23:55:00+00:00,AR-004,coverage,wet_grass,tree_line,0.686683,16.428475,42.466091,44.790757,46.58837,0,-68.061245,4.0,1.302858,0.999,1,0
2026-07-01 00:00:00+00:00,AR-005,incident_response,mud,building_shadow,0.805531,20.366555,51.856446,49.141155,86.345408,0,-74.944685,3.0,2.036648,0.984,1,0
2026-07-01 00:05:00+00:00,AR-005,incident_response,mud,building_shadow,0.92103,22.753822,53.238065,48.986835,85.521737,0,-78.044263,4.0,1.12982,0.984,1,0
2026-07-01 00:10:00+00:00,AR-005,incident_response,sand,remote_edge,0.749604,23.084560249999996,60.836072,48.854189,84.41417,0,-90.696567,4.0,1.224162,0.9819,1,0
2026-07-01 00:15:00+00:00,AR-005,incident_response,sand,remote_edge,0.801111,24.36152675,61.725595,48.736317,83.658183,0,-81.768657,3.0,1.806568,0.984,1,0
2026-07-01 00:20:00+00:00,AR-005,incident_response,sand,remote_edge,0.661111,20.801742750000003,61.54466,48.736607,82.834399,0,-76.671957,3.0,2.00019,0.984,1,0
2026-07-01 00:25:00+00:00,AR-005,coverage,rocky,base_area,0.74516,11.9097205,34.168165,48.830961,81.61262,0,-47.864437,5.0,0.456472,0.999,1,0
2026-07-01 00:30:00+00:00,AR-005,coverage,rocky,base_area,0.742481,11.65053975,34.252132,48.76019,80.920575,0,-46.535095,5.0,0.495569,0.999,1,0
2026-07-01 00:35:00+00:00,AR-005,coverage,asphalt,base_area,1.056742,13.856716250000002,36.292667,48.623292,80.210416,0,-43.718661,5.0,0.604583,0.999,1,0
2026-07-01 00:40:00+00:00,AR-005,coverage,asphalt,open_perimeter,0.898178,12.290284999999999,33.911097,48.553095,79.220023,0,-59.477561,5.0,0.454809,0.999,1,0
2026-07-01 00:45:00+00:00,AR-005,coverage,asphalt,open_perimeter,1.033402,13.10634925,35.342938,48.426455,78.278751,0,-64.083005,5.0,0.676209,0.999,1,0
2026-07-01 00:50:00+00:00,AR-005,coverage,gravel,open_perimeter,0.842998,13.2281955,36.116344,48.323552,77.388259,0,-58.880547,4.0,1.14204,0.999,1,0
2026-07-01 00:55:00+00:00,AR-005,incident_response,gravel,tree_line,1.339911,17.8383325,40.063603,48.104794,76.505276,0,-75.093833,5.0,0.595088,0.984,1,0
2026-07-01 01:00:00+00:00,AR-005,incident_response,dry_grass,tree_line,1.170313,17.48614225,38.449989,48.019007,75.657555,0,-67.823739,4.0,1.144661,0.984,1,0
2026-07-01 01:05:00+00:00,AR-005,incident_response,dry_grass,tree_line,1.233013,17.741333249999997,39.930832,47.915024,74.78838,0,-61.829882,4.0,1.178562,0.984,1,0
2026-07-01 01:10:00+00:00,AR-005,incident_response,wet_grass,building_shadow,0.991906,19.312727000000002,45.155148,47.757641,73.747963,0,-67.540363,3.0,1.94324,0.984,1,0
2026-07-01 01:15:00+00:00,AR-005,incident_response,wet_grass,building_shadow,1.06631,19.914103750000002,45.950004,47.669782,73.103111,0,-64.363767,3.0,1.71574,0.984,1,0
2026-07-01 01:20:00+00:00,AR-005,incident_response,wet_grass,building_shadow,0.971693,19.06953625,47.386018,47.577729,72.085149,0,-63.895457,3.0,1.77231,0.984,1,0
2026-07-01 01:25:00+00:00,AR-005,coverage,mud,remote_edge,0.565111,16.356258750000002,52.754993,47.571299,71.397876,0,-82.285223,3.0,1.98001,0.999,1,0
2026-07-01 01:30:00+00:00,AR-005,coverage,mud,remote_edge,0.483301,13.8935105,53.953053,47.500275,70.192021,0,-84.231371,3.0,1.8326,0.999,1,0
2026-07-01 01:35:00+00:00,AR-005,coverage,sand,remote_edge,0.518208,18.20622675,63.927171,47.310463,69.498437,0,-86.568258,4.0,1.14198,0.9969,1,0
2026-07-01 01:40:00+00:00,AR-005,coverage,sand,base_area,0.49528,18.00528225,63.973776,47.216796,68.615473,0,-53.699206,5.0,0.626834,0.999,1,0
2026-07-01 01:45:00+00:00,AR-005,coverage,sand,base_area,0.56137,18.61890925,65.020457,47.09352,67.657248,0,-48.957061,5.0,0.586455,0.999,1,0
2026-07-01 01:50:00+00:00,AR-005,coverage,rocky,base_area,0.717682,10.606262,35.957051,47.209609,66.833676,0,-41.638933,5.0,0.74486,0.999,1,0
2026-07-01 01:55:00+00:00,AR-005,perimeter,rocky,open_perimeter,0.824876,11.9456915,36.543642,47.087118,66.050944,0,-56.487435,5.0,0.554192,0.999,1,0
2026-07-01 02:00:00+00:00,AR-005,perimeter,asphalt,open_perimeter,1.000627,13.45373175,34.289868,46.947304,65.152686,0,-57.82365,4.0,1.151038,0.999,1,0
2026-07-01 02:05:00+00:00,AR-005,perimeter,asphalt,open_perimeter,1.031194,13.0277705,34.955962,46.822042,63.935391,0,-55.478152,4.0,1.108002,0.999,1,0
2026-07-01 02:10:00+00:00,AR-005,perimeter,gravel,tree_line,0.808106,12.72463675,36.306129,46.745522,63.181806,0,-64.848761,4.0,1.301637,0.999,1,0
2026-07-01 02:15:00+00:00,AR-005,perimeter,gravel,tree_line,0.897407,13.5317045,37.326776,46.627106,62.311878,0,-67.771165,4.0,1.154323,0.999,1,0
2026-07-01 02:20:00+00:00,AR-005,perimeter,gravel,tree_line,0.831018,12.537679,38.382697,46.562497,61.504258,0,-68.935179,4.0,1.263175,0.999,1,0
2026-07-01 02:25:00+00:00,AR-005,perimeter,dry_grass,building_shadow,0.875328,14.092383,41.681471,46.408039,60.486076,0,-85.978112,4.0,1.039392,0.999,1,0
2026-07-01 02:30:00+00:00,AR-005,perimeter,dry_grass,building_shadow,0.757432,12.4568115,40.953258,46.357313,59.653485,0,-79.476382,3.0,1.772779,0.999,1,0
2026-07-01 02:35:00+00:00,AR-005,perimeter,wet_grass,building_shadow,0.758159,16.4783155,50.192742,46.13812,58.629966,0,-71.604494,3.0,1.788652,0.999,1,0
2026-07-01 02:40:00+00:00,AR-005,perimeter,wet_grass,remote_edge,0.684763,14.537225750000001,48.38318,46.093588,57.781749,0,-77.436829,3.0,1.811565,0.999,1,0
2026-07-01 02:45:00+00:00,AR-005,perimeter,wet_grass,remote_edge,0.747255,15.599349750000002,49.837839,45.983651,57.046732,0,-70.982475,4.0,1.220355,0.999,1,0
2026-07-01 02:50:00+00:00,AR-005,perimeter,mud,remote_edge,0.507328,15.43955725,56.270023,45.896767,56.23389,0,-70.266536,4.0,1.216927,0.999,1,0
2026-07-01 02:55:00+00:00,AR-005,incident_response,mud,base_area,0.873124,21.56644,58.299085,45.618599,55.172556,0,-52.783094,5.0,0.506914,0.984,1,0
2026-07-01 03:00:00+00:00,AR-005,incident_response,sand,base_area,0.715803,22.629295499999998,64.699193,45.50859,54.437068,0,-47.267724,5.0,0.53713,0.984,1,0
2026-07-01 03:05:00+00:00,AR-005,incident_response,sand,base_area,0.845655,24.7513515,66.814246,45.338211,53.408446,0,-47.897719,5.0,0.631833,0.984,1,0
2026-07-01 03:10:00+00:00,AR-005,incident_response,rocky,open_perimeter,1.079237,14.6280615,39.267943,45.501541,52.516699,0,-63.633084,5.0,0.45,0.984,1,0
2026-07-01 03:15:00+00:00,AR-005,incident_response,rocky,open_perimeter,1.179576,15.773862999999999,40.463016,45.371271,51.619566,0,-60.310176,5.0,0.575362,0.984,1,0
2026-07-01 03:20:00+00:00,AR-005,incident_response,rocky,open_perimeter,1.047834,13.911626499999999,40.429724,45.332116,50.837661,0,-57.123976,5.0,0.583917,0.984,1,0
2026-07-01 03:25:00+00:00,AR-005,incident_response,asphalt,tree_line,1.551846,17.48877325,43.469722,45.154179,50.079346,0,-65.806564,5.0,0.553309,0.984,1,0
2026-07-01 03:30:00+00:00,AR-005,incident_response,asphalt,tree_line,1.485383,17.595326,44.251981,45.028054,48.977973,0,-58.770684,4.0,1.244432,0.984,1,0
2026-07-01 03:35:00+00:00,AR-005,incident_response,gravel,tree_line,1.33653,18.787749499999997,46.838261,44.920444,48.293979,0,-58.890411,4.0,1.238761,0.984,0,0
2026-07-01 03:40:00+00:00,AR-005,incident_response,gravel,building_shadow,1.310388,18.066216249999997,46.216706,44.812806,47.165428,0,-69.838242,4.0,1.20949,0.984,1,0
2026-07-01 03:45:00+00:00,AR-005,incident_response,gravel,building_shadow,1.363087,18.22852325,45.742763,44.731169,46.474202,0,-74.02855,4.0,1.099308,0.984,1,0
2026-07-01 03:50:00+00:00,AR-005,incident_response,dry_grass,building_shadow,1.19505,17.8668315,45.883325,44.64764,45.644439,0,-75.961512,4.0,1.17464,0.984,1,0
2026-07-01 03:55:00+00:00,AR-005,perimeter,dry_grass,remote_edge,0.886201,14.389136500000001,43.843792,44.628332,44.664731,0,-91.865889,3.0,1.959899,0.9969,1,0
2026-07-01 04:00:00+00:00,AR-005,perimeter,wet_grass,remote_edge,0.648505,14.655298499999999,48.384607,44.509224,43.663049,0,-88.413146,3.0,1.73425,0.9969,1,0
2026-07-01 04:05:00+00:00,AR-005,perimeter,wet_grass,remote_edge,0.691518,14.5940275,48.456128,44.425528,42.90154,0,-85.709242,3.0,1.826525,0.999,1,0
2026-07-01 04:10:00+00:00,AR-005,perimeter,mud,base_area,0.447705,14.367865,56.810901,44.325235,41.953566,0,-49.360484,5.0,0.525388,0.999,1,0
2026-07-01 04:15:00+00:00,AR-005,perimeter,mud,base_area,0.61998,17.9127845,58.393907,44.098592,40.752897,0,-46.747511,5.0,0.451136,0.999,1,0
2026-07-01 04:20:00+00:00,AR-005,perimeter,mud,base_area,0.525387,15.618201,59.073604,44.097799,40.213149,0,-43.149764,5.0,0.61644,0.999,1,0
2026-07-01 04:25:00+00:00,AR-005,perimeter,sand,open_perimeter,0.568818,19.63160225,69.409555,43.879229,39.193313,0,-57.641029,5.0,0.498667,0.999,1,0
2026-07-01 04:30:00+00:00,AR-005,perimeter,sand,open_perimeter,0.468671,16.69979825,68.645673,43.859232,38.334165,0,-60.538835,4.0,1.244262,0.999,1,0
2026-07-01 04:35:00+00:00,AR-005,perimeter,rocky,open_perimeter,0.807419,12.19597725,42.112242,43.870931,37.393094,0,-57.291274,4.0,1.264762,0.999,1,0
2026-07-01 04:40:00+00:00,AR-005,perimeter,rocky,tree_line,0.732405,11.174454749999999,43.065411,43.822816,36.726354,0,-73.055394,4.0,1.105415,0.999,1,0
2026-07-01 04:45:00+00:00,AR-005,perimeter,rocky,tree_line,0.83443,12.5908065,43.473713,43.682018,35.798025,0,-70.142852,4.0,1.110289,0.999,1,0
2026-07-01 04:50:00+00:00,AR-005,perimeter,asphalt,tree_line,1.021708,14.41141925,41.675443,43.491669,34.521121,0,-64.92066,4.0,1.116345,0.999,1,0
2026-07-01 04:55:00+00:00,AR-005,perimeter,asphalt,building_shadow,1.09205,13.6150495,40.931634,43.45073,33.970726,0,-74.724537,4.0,1.202371,0.999,1,0
2026-07-01 05:00:00+00:00,AR-005,perimeter,gravel,building_shadow,0.790707,12.6815995,42.694747,43.380966,33.13114,0,-67.773439,4.0,1.142475,0.999,1,0
2026-07-01 05:05:00+00:00,AR-005,perimeter,gravel,building_shadow,0.916731,13.734719,42.350187,43.250268,32.208668,0,-63.467241,3.0,1.849897,0.999,1,0
2026-07-01 05:10:00+00:00,AR-005,perimeter,dry_grass,remote_edge,0.774549,13.427984499999999,43.461215,43.16644,31.388994,0,-73.647957,3.0,1.961988,0.999,1,0
2026-07-01 05:15:00+00:00,AR-005,perimeter,dry_grass,remote_edge,0.775182,13.084681999999999,44.124756,43.062437,30.380701,0,-73.378653,3.0,1.855429,0.999,1,0
2026-07-01 05:20:00+00:00,AR-005,perimeter,dry_grass,remote_edge,0.76552,13.47584925,44.802318,42.971503,29.659596,0,-80.984679,4.0,1.173911,0.999,1,0
2026-07-01 05:25:00+00:00,AR-005,pursuit,wet_grass,base_area,1.164799,23.069916,56.711206,42.598638,28.557637,0,-53.505031,5.0,0.69753,0.984,1,0
2026-07-01 05:30:00+00:00,AR-005,pursuit,wet_grass,base_area,1.050134,20.1580165,58.039659,42.618089,28.055337,0,-51.139358,5.0,0.598942,0.984,1,0
2026-07-01 05:35:00+00:00,AR-005,pursuit,mud,base_area,0.93565,23.7927545,66.078915,42.411625,27.055687,0,-44.592092,5.0,0.45,0.984,1,0
2026-07-01 05:40:00+00:00,AR-005,pursuit,mud,open_perimeter,0.862007,22.297697999999997,65.968315,42.349391,26.152956,0,-63.230294,5.0,0.586873,0.984,1,0
2026-07-01 05:45:00+00:00,AR-005,pursuit,mud,open_perimeter,0.86167,23.23291725,65.02844,42.229073,25.295795,0,-59.299361,4.0,1.291391,0.984,1,0
2026-07-01 05:50:00+00:00,AR-005,pursuit,sand,open_perimeter,0.823424,25.3329295,73.753049,42.066896,24.335289,0,-50.618055,5.0,0.578038,0.984,1,0
2026-07-01 05:55:00+00:00,AR-005,escort,sand,tree_line,0.412161,15.715269750000001,69.156826,42.20499,23.335602,0,-65.089955,4.0,1.20459,0.999,1,0
2026-07-01 06:00:00+00:00,AR-005,escort,rocky,tree_line,0.539985,9.78904825,40.430783,42.27733,22.605762,0,-67.981012,4.0,1.194874,0.999,1,0
2026-07-01 06:05:00+00:00,AR-005,escort,rocky,tree_line,0.627146,10.488024500000002,41.668381,42.124636,21.404687,0,-61.98231,4.0,1.189824,0.999,1,0
2026-07-01 06:10:00+00:00,AR-005,escort,asphalt,building_shadow,0.687205,10.609378750000001,40.310505,42.039328,20.67118,0,-82.210974,3.0,1.899645,0.999,1,0
2026-07-01 06:15:00+00:00,AR-005,escort,asphalt,building_shadow,0.745727,11.43597225,41.84497,41.948061,20.048185,0,-81.025114,3.0,1.863873,0.9962,1,0
2026-07-01 06:20:00+00:00,AR-005,escort,asphalt,building_shadow,0.649338,10.233205,41.915458,41.849628,18.890102,0,-79.967112,4.0,1.166115,0.9962,1,0
2026-07-01 06:25:00+00:00,AR-005,perimeter,gravel,remote_edge,0.947597,14.89852175,47.754239,41.651542,18.204493,0,-84.873563,4.0,1.232231,0.9962,1,0
2026-07-01 06:30:00+00:00,AR-005,perimeter,gravel,remote_edge,0.747864,12.487783499999999,47.759459,41.601614,17.199075,0,-76.222882,4.0,1.075822,0.9962,1,0
2026-07-01 06:35:00+00:00,AR-005,perimeter,dry_grass,remote_edge,0.85468,14.96084125,50.696389,41.429514,16.236569,0,-68.396049,3.0,1.737002,0.9962,1,0
2026-07-01 06:40:00+00:00,AR-005,perimeter,dry_grass,base_area,0.753616,13.24791325,50.125725,41.391201,15.496842,0,-47.083087,5.0,0.579654,0.9962,1,0
2026-07-01 06:45:00+00:00,AR-005,perimeter,dry_grass,base_area,0.847218,14.750924,50.391224,41.252414,14.606589,0,-46.727216,4.0,1.26142,0.992,1,0
2026-07-01 06:50:00+00:00,AR-005,perimeter,wet_grass,base_area,0.660127,14.532283249999999,55.760411,41.136135,13.517629,0,-48.845818,5.0,0.52756,0.992,1,0
2026-07-01 06:55:00+00:00,AR-005,coverage,wet_grass,open_perimeter,0.766557,16.49796475,55.751696,41.000931,12.766764,0,-58.983559,5.0,0.684774,0.992,1,0
2026-07-01 07:00:00+00:00,AR-005,return_to_dock,mud,open_perimeter,0.451232,14.6044935,61.488249,40.939508,11.778791,0,-63.661773,4.0,1.243499,0.992,1,0
2026-07-01 07:05:00+00:00,AR-005,return_to_dock,mud,open_perimeter,0.532221,15.388829750000001,61.786135,40.817478,10.87132,0,-59.842415,5.0,0.697782,0.992,1,0
2026-07-01 07:10:00+00:00,AR-005,return_to_dock,sand,tree_line,0.394275,15.78731325,70.635331,40.711642,10.018861,0,-71.104615,5.0,0.544491,0.992,1,0
2026-07-01 07:15:00+00:00,AR-005,charging,sand,tree_line,0.0,6.05158275,67.858621,42.696628,12.981871,1,-65.981519,5.0,0.574686,1.0,1,0
2026-07-01 07:20:00+00:00,AR-005,charging,sand,tree_line,0.0,6.438917250000001,68.55772,43.095815,16.635958,1,-61.000125,5.0,0.530993,1.0,1,0
2026-07-01 07:25:00+00:00,AR-005,charging,rocky,building_shadow,0.0,4.595093500000001,41.180956,43.567363,20.418171,1,-68.743482,4.0,1.161036,1.0,1,0
2026-07-01 07:30:00+00:00,AR-005,charging,rocky,building_shadow,0.0,5.25258575,42.165787,43.932231,23.828554,1,-68.768985,4.0,1.198219,1.0,1,0
2026-07-01 07:35:00+00:00,AR-005,charging,asphalt,building_shadow,0.0,6.3314787500000005,41.090653,44.305891,27.03285,1,-58.407942,4.0,1.080167,1.0,1,0
2026-07-01 07:40:00+00:00,AR-005,charging,asphalt,remote_edge,0.0,4.361486,39.546277,44.753609,30.955424,1,-83.556618,4.0,1.184093,1.0,1,0
2026-07-01 07:45:00+00:00,AR-005,charging,asphalt,remote_edge,0.0,4.1720945,40.109915,45.131315,34.283834,1,-90.569977,3.0,1.886081,1.0,1,0
2026-07-01 07:50:00+00:00,AR-005,charging,gravel,remote_edge,0.0,4.64431575,42.767267,45.536993,38.015587,1,-90.195975,4.0,1.228701,1.0,1,0
2026-07-01 07:55:00+00:00,AR-005,charging,gravel,base_area,0.0,4.856427500000001,42.658902,45.892518,41.239152,1,-50.282302,5.0,0.505827,1.0,1,0
2026-07-01 08:00:00+00:00,AR-005,charging,dry_grass,base_area,0.0,4.76668375,42.833093,46.281679,44.692973,1,-45.01703,5.0,0.45,1.0,1,0
2026-07-01 08:05:00+00:00,AR-005,charging,dry_grass,base_area,0.0,4.77523425,42.812595,46.718427,48.594492,1,-43.765999,5.0,0.621518,1.0,1,0
2026-07-01 08:10:00+00:00,AR-005,charging,wet_grass,open_perimeter,0.0,5.68460275,50.373538,47.103973,52.247968,1,-56.665574,4.0,1.339915,1.0,1,0
2026-07-01 08:15:00+00:00,AR-005,charging,wet_grass,open_perimeter,0.0,5.169185000000001,51.046084,47.504082,55.70072,1,-56.834331,5.0,0.587229,1.0,1,0
2026-07-01 08:20:00+00:00,AR-005,charging,wet_grass,open_perimeter,0.0,5.406270500000001,52.028728,47.904415,59.330161,1,-54.614678,5.0,0.563692,1.0,1,0
2026-07-01 08:25:00+00:00,AR-005,charging,mud,tree_line,0.0,5.67446575,62.526191,48.275076,62.701895,1,-70.648436,5.0,0.493899,1.0,1,0
2026-07-01 08:30:00+00:00,AR-005,charging,mud,tree_line,0.0,6.0753372500000005,62.809868,48.669127,66.313263,1,-72.922896,4.0,1.103892,1.0,1,0
2026-07-01 08:35:00+00:00,AR-005,charging,sand,tree_line,0.0,6.2978527500000006,73.182059,49.067275,69.919818,1,-69.591311,4.0,1.08855,1.0,1,0
2026-07-01 08:40:00+00:00,AR-005,charging,sand,building_shadow,0.0,6.233765999999999,72.169132,49.470106,73.501638,1,-83.625551,4.0,1.226602,1.0,1,0
2026-07-01 08:45:00+00:00,AR-005,charging,sand,building_shadow,0.0,6.329552,72.264508,49.810157,76.560051,1,,4.0,1.222141,1.0,1,1
2026-07-01 08:50:00+00:00,AR-005,charging,rocky,building_shadow,0.0,4.7586375,42.188247,50.289187,80.472427,1,-65.563177,3.0,1.928493,1.0,1,0
2026-07-01 08:55:00+00:00,AR-005,charging,rocky,remote_edge,0.0,4.4662615,40.489238,50.709857,84.160538,1,-70.090635,3.0,1.915985,1.0,1,0
2026-07-01 09:00:00+00:00,AR-005,charging,asphalt,remote_edge,0.0,4.4740825,38.332315,51.075774,87.429466,1,-71.785028,3.0,1.846793,1.0,1,0
2026-07-01 09:05:00+00:00,AR-005,charging,asphalt,remote_edge,0.0,4.864012,38.566955,51.471806,91.055982,1,-71.480492,3.0,1.681434,1.0,1,0
2026-07-01 09:10:00+00:00,AR-005,charging,gravel,base_area,0.0,5.15231025,41.734611,51.868828,94.667748,1,-50.51691,5.0,0.657827,1.0,1,0
2026-07-01 09:15:00+00:00,AR-005,coverage,gravel,base_area,0.876817,13.68665725,49.328044,50.170124,93.981941,0,-50.597043,5.0,0.655679,0.999,1,0
2026-07-01 09:20:00+00:00,AR-005,coverage,gravel,base_area,0.842364,13.9073405,49.666495,50.09486,93.361171,0,-49.66915,5.0,0.63665,0.999,1,0
2026-07-01 09:25:00+00:00,AR-005,coverage,dry_grass,open_perimeter,0.881755,14.572830249999999,51.866435,49.953875,92.256858,0,-60.693336,5.0,0.458152,0.999,1,0
2026-07-01 09:30:00+00:00,AR-005,coverage,dry_grass,open_perimeter,0.773539,14.11154275,53.413477,49.880568,91.495247,0,-57.353502,5.0,0.562751,0.999,1,0
2026-07-01 09:35:00+00:00,AR-005,coverage,wet_grass,open_perimeter,0.751668,16.46814075,60.377836,49.745681,90.837971,0,-54.042056,4.0,1.253375,0.999,1,0
2026-07-01 09:40:00+00:00,AR-005,coverage,wet_grass,tree_line,0.672201,14.61183925,59.673391,49.688073,89.892689,0,-61.197544,4.0,1.172833,0.999,1,0
2026-07-01 09:45:00+00:00,AR-005,coverage,wet_grass,tree_line,0.747493,16.6026385,59.561178,49.528322,88.928485,0,-63.9889,4.0,1.277837,0.999,1,0
2026-07-01 09:50:00+00:00,AR-005,coverage,mud,tree_line,0.49244,15.74707,66.372279,49.456099,88.085028,0,-59.646378,4.0,1.188963,0.999,1,0
2026-07-01 09:55:00+00:00,AR-005,escort,mud,building_shadow,0.410364,13.621243500000002,64.86057,49.420603,87.274604,0,-74.195253,4.0,1.158767,0.999,1,0
2026-07-01 10:00:00+00:00,AR-005,escort,sand,building_shadow,0.3356,14.0199895,72.685122,49.295047,86.246127,0,-77.70196,3.0,1.816745,0.999,1,0
2026-07-01 10:05:00+00:00,AR-005,escort,sand,building_shadow,0.420617,16.50905575,73.197764,49.130256,85.352605,0,-77.502757,3.0,1.840617,0.999,1,0
2026-07-01 10:10:00+00:00,AR-005,escort,rocky,remote_edge,0.54407,9.93314275,44.881579,49.215978,84.591426,0,-93.468631,4.0,1.201127,0.9969,1,0
2026-07-01 10:15:00+00:00,AR-005,escort,rocky,remote_edge,0.579233,10.17254875,45.998601,49.106006,83.665108,0,-85.19639,3.0,1.875116,0.999,1,0
2026-07-01 10:20:00+00:00,AR-005,escort,rocky,remote_edge,0.415368,8.50105975,43.209617,49.049466,82.772267,0,-75.296388,4.0,1.211921,0.999,1,0
2026-07-01 10:25:00+00:00,AR-005,perimeter,asphalt,base_area,1.090347,14.349715750000001,49.233447,48.793142,81.841382,0,-47.334004,5.0,0.789651,0.999,1,0
2026-07-01 10:30:00+00:00,AR-005,perimeter,asphalt,base_area,0.965137,13.906171,49.483859,48.674609,80.68008,0,-46.578871,5.0,0.497461,0.999,1,0
2026-07-01 10:35:00+00:00,AR-005,perimeter,gravel,base_area,0.957777,15.705053249999999,52.403982,48.581868,80.048014,0,-38.170984,5.0,0.506605,0.999,1,0
2026-07-01 10:40:00+00:00,AR-005,perimeter,gravel,open_perimeter,0.897714,14.59209375,51.854965,48.488335,79.176156,0,-56.384556,4.0,1.268376,0.999,1,0
2026-07-01 10:45:00+00:00,AR-005,perimeter,gravel,open_perimeter,0.844896,13.99447425,51.410865,48.395295,78.20671,0,-63.71209,4.0,1.12439,0.999,1,0
2026-07-01 10:50:00+00:00,AR-005,perimeter,dry_grass,open_perimeter,0.806761,13.78618025,51.237569,48.32503,77.530987,0,-58.416114,5.0,0.636937,0.999,1,0
2026-07-01 10:55:00+00:00,AR-005,coverage,dry_grass,tree_line,0.842123,13.6816985,50.816771,48.233095,76.685887,0,-74.010996,4.0,1.125558,0.999,1,0
2026-07-01 11:00:00+00:00,AR-005,coverage,wet_grass,tree_line,0.689535,15.4328265,56.468328,48.04552,75.417623,0,-66.427324,4.0,1.344533,0.999,1,0
2026-07-01 11:05:00+00:00,AR-005,coverage,wet_grass,tree_line,0.780935,17.248093,57.116666,47.929093,74.799499,0,-62.164363,4.0,1.246199,0.999,1,0
2026-07-01 11:10:00+00:00,AR-005,coverage,mud,building_shadow,0.469241,14.589887000000001,65.314889,47.899437,73.917627,0,-72.334893,4.0,1.148968,0.999,1,0
2026-07-01 11:15:00+00:00,AR-005,coverage,mud,building_shadow,0.591239,17.08380925,65.202876,47.741089,73.08275,0,-64.669621,4.0,1.211594,0.999,1,0
2026-07-01 11:20:00+00:00,AR-005,coverage,mud,building_shadow,0.536211,16.361655,66.055369,47.647714,72.0814,0,-62.229335,4.0,1.151491,0.999,1,0
2026-07-01 11:25:00+00:00,AR-005,pursuit,sand,remote_edge,0.80854,25.436360999999998,77.826229,47.320799,71.26915,0,-79.370614,3.0,1.774177,0.984,1,0
2026-07-01 11:30:00+00:00,AR-005,pursuit,sand,remote_edge,0.80324,25.292435,78.952644,47.213813,70.280506,0,-84.093596,3.0,1.808249,0.984,1,0
2026-07-01 11:35:00+00:00,AR-005,pursuit,rocky,remote_edge,1.288067,16.94343475,53.537656,47.337528,69.446941,0,-88.881972,3.0,1.925035,0.9819,1,0
2026-07-01 11:40:00+00:00,AR-005,pursuit,rocky,base_area,1.200755,16.6730795,51.37789,47.242587,68.536491,0,-53.110697,5.0,0.547413,0.984,1,0
2026-07-01 11:45:00+00:00,AR-005,pursuit,rocky,base_area,1.263183,17.7530595,52.96904,47.118388,67.678286,0,-47.975924,5.0,0.566337,0.984,1,0
2026-07-01 11:50:00+00:00,AR-005,pursuit,asphalt,base_area,1.512873,18.051713250000002,51.767174,47.01147,66.79299,0,-45.880496,5.0,0.531665,0.984,1,0
2026-07-01 11:55:00+00:00,AR-005,coverage,asphalt,open_perimeter,1.022675,13.36825975,46.682431,47.01473,65.734863,0,-57.544952,4.0,1.314193,0.999,1,0
2026-07-01 12:00:00+00:00,AR-005,coverage,gravel,open_perimeter,0.865065,13.7679215,47.045824,46.903879,64.837903,0,-53.454082,5.0,0.557512,0.999,1,0
2026-07-01 12:05:00+00:00,AR-005,coverage,gravel,open_perimeter,0.933364,13.944317250000001,47.424433,46.808434,64.026667,0,-52.141209,5.0,0.45,0.999,1,0
2026-07-01 12:10:00+00:00,AR-005,coverage,dry_grass,tree_line,0.782516,13.58637025,48.640589,46.769399,63.595044,0,-64.332692,4.0,1.218641,0.999,1,0
2026-07-01 12:15:00+00:00,AR-005,coverage,dry_grass,tree_line,0.785182,13.201199500000001,48.537346,46.635153,62.306999,0,-66.885751,4.0,1.300404,0.999,1,0
2026-07-01 12:20:00+00:00,AR-005,coverage,dry_grass,tree_line,0.794483,13.9891955,49.359743,46.540065,61.640926,0,-69.832262,5.0,0.465667,0.999,1,0
2026-07-01 12:25:00+00:00,AR-005,perimeter,wet_grass,building_shadow,0.77342,16.700412999999998,58.731058,46.348897,60.563458,0,-84.352708,3.0,2.047764,0.999,1,0
2026-07-01 12:30:00+00:00,AR-005,perimeter,wet_grass,building_shadow,0.610345,14.19008325,57.148457,46.321227,59.733653,0,-76.880871,4.0,1.139081,0.999,1,0
2026-07-01 12:35:00+00:00,AR-005,perimeter,mud,building_shadow,0.577389,17.30846875,66.552467,46.137126,58.813804,0,-72.558844,4.0,1.263446,0.999,1,0
2026-07-01 12:40:00+00:00,AR-005,perimeter,mud,remote_edge,0.457408,14.5005615,66.083522,46.100624,57.836062,0,-76.947616,3.0,1.89979,0.999,1,0
2026-07-01 12:45:00+00:00,AR-005,perimeter,mud,remote_edge,0.571885,17.147409500000002,65.586003,45.937683,56.995677,0,-72.62483,3.0,1.901326,0.999,1,0
2026-07-01 12:50:00+00:00,AR-005,perimeter,sand,remote_edge,0.474279,17.2511835,73.294946,45.860632,56.331806,0,-70.260925,4.0,1.17854,0.999,1,0
2026-07-01 12:55:00+00:00,AR-005,escort,sand,base_area,0.416971,16.88563225,72.485463,45.746609,55.228886,0,-47.708101,5.0,0.595658,0.999,1,0
2026-07-01 13:00:00+00:00,AR-005,escort,rocky,base_area,0.452768,9.17629975,42.338514,45.860298,54.454302,0,-47.290954,5.0,0.555387,0.999,1,0
2026-07-01 13:05:00+00:00,AR-005,escort,rocky,base_area,0.594544,10.251922500000001,42.348717,45.738579,53.617223,0,-43.777569,5.0,0.506028,0.999,1,0
2026-07-01 13:10:00+00:00,AR-005,escort,asphalt,open_perimeter,0.664141,10.306103,40.946277,45.614544,52.522343,0,-62.37703,4.0,1.114166,0.999,1,0
2026-07-01 13:15:00+00:00,AR-005,escort,asphalt,open_perimeter,0.806819,11.67817425,42.254631,45.504339,51.856891,0,-63.173697,4.0,1.253223,0.999,1,0
2026-07-01 13:20:00+00:00,AR-005,escort,asphalt,open_perimeter,0.641374,10.0297405,42.746196,45.414586,50.672849,0,-55.881716,4.0,1.062683,0.999,1,0
2026-07-01 13:25:00+00:00,AR-005,escort,gravel,tree_line,0.647186,11.5190035,47.07264,45.263841,49.672634,0,-65.512606,4.0,1.172422,0.999,1,0
2026-07-01 13:30:00+00:00,AR-005,escort,gravel,tree_line,0.614802,10.840373499999998,46.194021,45.220103,49.124581,0,-61.028602,5.0,0.648618,0.999,1,0
2026-07-01 13:35:00+00:00,AR-005,escort,dry_grass,tree_line,0.649053,12.571079749999999,49.474056,45.089705,48.244472,0,-61.97332,4.0,1.175537,0.999,1,0
2026-07-01 13:40:00+00:00,AR-005,escort,dry_grass,building_shadow,0.548841,11.287978749999999,47.80854,45.01222,47.372386,0,-68.314653,4.0,1.20791,0.999,1,0
2026-07-01 13:45:00+00:00,AR-005,escort,dry_grass,building_shadow,0.636772,11.9153305,48.025602,44.898909,46.506318,0,-71.074349,4.0,1.200753,0.999,1,0
2026-07-01 13:50:00+00:00,AR-005,escort,wet_grass,building_shadow,0.50505,12.54406175,54.421647,44.776737,45.56145,0,-75.668567,4.0,1.216275,0.999,1,0
2026-07-01 13:55:00+00:00,AR-005,coverage,wet_grass,remote_edge,0.731228,15.953986749999999,54.021328,44.558453,44.404079,0,-92.006456,3.0,1.745505,0.9969,1,0
2026-07-01 14:00:00+00:00,AR-005,coverage,mud,remote_edge,0.509466,15.16531925,60.653019,44.50801,43.770613,0,-84.645413,3.0,1.902418,0.999,1,0
2026-07-01 14:05:00+00:00,AR-005,coverage,mud,remote_edge,0.546702,15.850822749999999,60.544216,44.364488,42.648298,0,-83.238256,3.0,2.068765,0.999,1,0
2026-07-01 14:10:00+00:00,AR-005,coverage,sand,base_area,0.420809,16.2226925,69.653366,44.291121,42.079564,0,-51.467919,5.0,0.663539,0.999,1,0
2026-07-01 14:15:00+00:00,AR-005,coverage,sand,base_area,0.597641,20.15239225,70.870652,44.083485,41.137924,0,-47.13135,5.0,0.559658,0.999,1,0
2026-07-01 14:20:00+00:00,AR-005,coverage,sand,base_area,0.427502,16.12596225,69.300825,44.07439,40.122009,0,-45.737498,5.0,0.66552,0.999,1,0
2026-07-01 14:25:00+00:00,AR-005,coverage,rocky,open_perimeter,0.846193,12.899258499999998,43.943813,44.077595,39.401566,0,-56.366142,4.0,1.234836,0.999,1,0
2026-07-01 14:30:00+00:00,AR-005,coverage,rocky,open_perimeter,0.693279,11.728956,44.823573,44.028999,38.695998,0,-55.477092,5.0,0.502705,0.999,1,0
2026-07-01 14:35:00+00:00,AR-005,coverage,asphalt,open_perimeter,1.054836,13.86500725,45.054413,43.841554,37.518255,0,-59.735687,5.0,0.478691,0.999,1,0
2026-07-01 14:40:00+00:00,AR-005,coverage,asphalt,tree_line,0.925271,12.628630000000001,43.714361,43.773566,36.624204,0,-71.212906,4.0,1.224557,0.999,1,0
2026-07-01 14:45:00+00:00,AR-005,coverage,asphalt,tree_line,1.007247,13.644219000000001,44.593606,43.651667,35.771575,0,-71.366197,4.0,1.133305,0.999,1,0
2026-07-01 14:50:00+00:00,AR-005,coverage,gravel,tree_line,0.753966,12.633936250000001,44.310025,43.578274,34.881751,0,-67.358221,4.0,1.22929,0.999,1,0
2026-07-01 14:55:00+00:00,AR-005,coverage,gravel,building_shadow,0.891853,14.274935,44.550629,43.425448,33.898178,0,-75.6419,4.0,1.159978,0.999,1,0
2026-07-01 15:00:00+00:00,AR-005,coverage,dry_grass,building_shadow,0.81736,13.80218975,44.082449,43.352748,33.139334,0,-69.99262,4.0,1.221934,0.999,1,0
2026-07-01 15:05:00+00:00,AR-005,coverage,dry_grass,building_shadow,0.853724,14.4071445,43.56333,43.255078,32.40771,0,-64.209139,3.0,1.847009,0.999,1,0
2026-07-01 15:10:00+00:00,AR-005,coverage,wet_grass,remote_edge,0.647027,14.199797,49.569311,43.12389,31.188257,0,-71.242813,3.0,1.722847,0.999,1,0
2026-07-01 15:15:00+00:00,AR-005,coverage,wet_grass,remote_edge,0.789673,17.04945875,51.01254,42.971844,30.492234,0,-74.075329,3.0,1.855962,0.999,1,0
2026-07-01 15:20:00+00:00,AR-005,coverage,wet_grass,remote_edge,0.624969,14.587835749999998,50.022943,42.944414,29.67587,0,-76.451917,3.0,1.752721,0.999,1,0
2026-07-01 15:25:00+00:00,AR-005,incident_response,mud,base_area,0.875298,22.634101,63.198598,42.617156,28.621805,0,-50.419853,5.0,0.61218,0.984,1,0
2026-07-01 15:30:00+00:00,AR-005,incident_response,mud,base_area,0.801868,20.882692249999998,62.542305,42.558359,27.690257,0,-50.089665,5.0,0.53402,0.984,1,0
2026-07-01 15:35:00+00:00,AR-005,incident_response,sand,base_area,0.76837,23.793423,72.394281,42.375907,26.736932,0,-43.82744,5.0,0.45,0.984,1,0
2026-07-01 15:40:00+00:00,AR-005,incident_response,sand,open_perimeter,0.727932,23.510109,71.276839,42.310197,26.08446,0,-62.675409,5.0,0.564736,0.984,1,0
2026-07-01 15:45:00+00:00,AR-005,incident_response,sand,open_perimeter,0.758617,23.9647975,70.939575,42.216913,25.357125,0,-53.222198,5.0,0.473957,0.984,1,0
2026-07-01 15:50:00+00:00,AR-005,incident_response,rocky,open_perimeter,1.125803,15.679607999999998,44.305839,42.303423,24.206189,0,-52.994049,5.0,0.579349,0.984,1,0
2026-07-01 15:55:00+00:00,AR-005,coverage,rocky,tree_line,0.76328,12.08690525,40.164024,42.338146,23.682189,0,-61.035784,5.0,0.620579,0.999,1,0
2026-07-01 16:00:00+00:00,AR-005,coverage,asphalt,tree_line,0.930171,13.018172499999999,37.898996,42.195377,22.623653,0,-61.958586,4.0,1.11814,0.999,1,0
2026-07-01 16:05:00+00:00,AR-005,coverage,asphalt,tree_line,1.043691,13.887424249999999,38.280314,42.049287,21.521069,0,-66.487621,4.0,1.056451,0.999,1,0
2026-07-01 16:10:00+00:00,AR-005,coverage,gravel,building_shadow,0.848299,12.7630385,40.104019,42.000161,20.82143,0,-80.735683,3.0,1.957144,0.999,1,0
2026-07-01 16:15:00+00:00,AR-005,coverage,gravel,building_shadow,0.90245,13.892472999999999,39.422437,41.847898,19.724127,0,-76.280953,4.0,1.259805,0.9962,1,0
2026-07-01 16:20:00+00:00,AR-005,coverage,gravel,building_shadow,0.871194,13.885062750000001,41.570085,41.751338,18.860268,0,-76.064471,4.0,1.267413,0.9962,1,0
2026-07-01 16:25:00+00:00,AR-005,pursuit,dry_grass,remote_edge,1.306706,19.67489575,46.702684,41.513762,18.083119,0,-84.001754,4.0,1.161901,0.9812,1,0
2026-07-01 16:30:00+00:00,AR-005,pursuit,dry_grass,remote_edge,1.32278,19.527005000000003,47.356701,41.423309,17.241175,0,-76.780693,3.0,1.919576,0.9812,1,0
2026-07-01 16:35:00+00:00,AR-005,pursuit,wet_grass,remote_edge,1.164328,21.606226500000002,54.063287,41.253204,16.205056,0,-70.532941,3.0,1.871078,0.9812,1,0
2026-07-01 16:40:00+00:00,AR-005,pursuit,wet_grass,base_area,1.10065,22.031074249999996,53.888944,41.151149,15.392476,0,-44.326002,4.0,1.166262,0.9812,1,0
2026-07-01 16:45:00+00:00,AR-005,pursuit,wet_grass,base_area,1.098268,20.88581275,51.570071,41.095507,14.629801,0,-46.822903,5.0,0.564388,0.977,1,0
2026-07-01 16:50:00+00:00,AR-005,pursuit,mud,base_area,0.837319,21.8594815,58.691458,40.962056,13.664311,0,-48.767234,5.0,0.693467,0.977,1,0
2026-07-01 16:55:00+00:00,AR-005,coverage,mud,open_perimeter,0.480452,14.78036575,54.82034,41.037954,12.698602,0,-59.979586,4.0,1.311336,0.992,1,0
2026-07-01 17:00:00+00:00,AR-005,return_to_dock,sand,open_perimeter,0.41337,15.9996485,63.006259,40.92585,11.980718,0,-61.50831,5.0,0.658611,0.992,1,0
2026-07-01 17:05:00+00:00,AR-005,return_to_dock,sand,open_perimeter,0.468531,17.023555,63.533614,40.76987,10.825733,0,-63.167774,5.0,0.558619,0.992,1,0
2026-07-01 17:10:00+00:00,AR-005,return_to_dock,rocky,tree_line,0.594415,9.935040500000001,34.946257,40.869816,10.072565,0,-68.974479,5.0,0.494181,0.992,1,0
2026-07-01 17:15:00+00:00,AR-005,charging,rocky,tree_line,0.0,4.73119875,30.408383,42.753854,13.186296,1,-66.364394,4.0,1.234995,1.0,1,0
2026-07-01 17:20:00+00:00,AR-005,charging,rocky,tree_line,0.0,4.258160500000001,30.825049,43.156174,16.668624,1,-58.84856,4.0,1.071009,1.0,1,0
2026-07-01 17:25:00+00:00,AR-005,charging,asphalt,building_shadow,0.0,4.310436,30.165296,43.564555,20.327025,1,-65.984612,4.0,1.258749,1.0,1,0
2026-07-01 17:30:00+00:00,AR-005,charging,asphalt,building_shadow,0.0,4.17003175,30.62517,43.932654,23.581022,1,-64.238989,4.0,1.372503,1.0,1,0
2026-07-01 17:35:00+00:00,AR-005,charging,gravel,building_shadow,0.0,4.61314725,34.303877,44.344797,27.363743,1,-65.729506,4.0,1.183525,1.0,1,0
2026-07-01 17:40:00+00:00,AR-005,charging,gravel,remote_edge,0.0,4.385903750000001,34.419224,44.746409,30.896812,1,-82.542513,3.0,1.735045,1.0,1,0
2026-07-01 17:45:00+00:00,AR-005,charging,gravel,remote_edge,0.0,3.68039775,33.173118,45.113682,34.310792,1,-90.897847,3.0,1.842473,1.0,1,0
2026-07-01 17:50:00+00:00,AR-005,charging,dry_grass,remote_edge,0.0,4.833113750000001,34.462402,45.525182,37.953958,1,-86.189405,4.0,1.267198,1.0,1,0
2026-07-01 17:55:00+00:00,AR-005,charging,dry_grass,base_area,0.0,4.7436305,33.032883,45.930465,41.551782,1,-51.375232,5.0,0.651138,1.0,1,0
2026-07-01 18:00:00+00:00,AR-005,charging,wet_grass,base_area,0.0,4.4204905,39.338255,46.332767,45.068752,1,-47.655432,5.0,0.511268,1.0,1,0
2026-07-01 18:05:00+00:00,AR-005,charging,wet_grass,base_area,0.0,4.9620257500000005,39.288751,46.701513,48.486837,1,-44.642829,5.0,0.611378,1.0,1,0
2026-07-01 18:10:00+00:00,AR-005,charging,mud,open_perimeter,0.0,5.4297305,48.477212,47.070582,51.89067,1,-58.738914,4.0,1.353039,1.0,1,0
2026-07-01 18:15:00+00:00,AR-005,charging,mud,open_perimeter,0.0,4.994298000000001,48.738749,47.48941,55.529119,1,-53.972611,5.0,0.569768,1.0,1,0
2026-07-01 18:20:00+00:00,AR-005,charging,mud,open_perimeter,0.0,4.739162,48.571079,47.90577,59.187395,1,-53.448806,5.0,0.683039,1.0,1,0
2026-07-01 18:25:00+00:00,AR-005,charging,sand,tree_line,0.0,6.32272625,59.659763,48.265928,62.770703,1,-69.156517,4.0,1.184241,1.0,1,0
2026-07-01 18:30:00+00:00,AR-005,charging,sand,tree_line,0.0,5.33350475,60.079171,48.712184,66.525496,1,-70.068725,5.0,0.61009,1.0,1,0
2026-07-01 18:35:00+00:00,AR-005,charging,rocky,tree_line,0.0,4.56981375,31.502125,49.09352,69.752994,1,-68.760475,5.0,0.522721,1.0,1,0
2026-07-01 18:40:00+00:00,AR-005,charging,rocky,building_shadow,0.0,4.52103175,30.515474,49.484506,73.232612,1,-80.703974,4.0,1.069173,1.0,1,0
2026-07-01 18:45:00+00:00,AR-005,charging,rocky,building_shadow,0.0,4.6750430000000005,29.921267,49.887893,76.870037,1,-75.624964,4.0,1.18985,1.0,1,0
2026-07-01 18:50:00+00:00,AR-005,charging,asphalt,building_shadow,0.0,4.71270025,28.499646,50.276614,80.349503,1,-67.663137,4.0,1.204474,1.0,1,0
2026-07-01 18:55:00+00:00,AR-005,charging,asphalt,remote_edge,0.0,4.7379445,26.99376,50.691501,84.059708,1,-73.085761,3.0,2.036453,1.0,1,0
2026-07-01 19:00:00+00:00,AR-005,charging,gravel,remote_edge,0.0,4.83216675,28.201992,51.081598,87.564591,1,-69.619809,3.0,1.880943,1.0,1,0
2026-07-01 19:05:00+00:00,AR-005,charging,gravel,remote_edge,0.0,4.37716775,28.184342,51.469728,90.924414,1,-69.931174,4.0,1.091433,1.0,1,0
2026-07-01 19:10:00+00:00,AR-005,charging,dry_grass,base_area,0.0,5.0103065,29.619036,51.86022,94.557926,1,-51.338525,5.0,0.527236,1.0,1,0
2026-07-01 19:15:00+00:00,AR-005,perimeter,dry_grass,base_area,0.899911,14.5429345,37.022233,50.165039,94.135311,0,-47.777929,5.0,0.677805,0.999,1,0
2026-07-01 19:20:00+00:00,AR-005,perimeter,dry_grass,base_area,0.81975,13.64997575,36.866028,50.10787,93.417584,0,-49.45733,5.0,0.547769,0.999,1,0
2026-07-01 19:25:00+00:00,AR-005,escort,wet_grass,open_perimeter,0.502503,12.47445325,42.937934,50.047994,92.610086,0,-65.518784,5.0,0.568401,0.999,1,0
2026-07-01 19:30:00+00:00,AR-005,escort,wet_grass,open_perimeter,0.444745,11.246878749999999,42.846167,49.962061,91.557857,0,-56.544796,4.0,1.321673,0.999,1,0
2026-07-01 19:35:00+00:00,AR-005,escort,mud,open_perimeter,0.349416,12.3222415,52.626395,49.835266,90.675393,0,-57.419843,5.0,0.475942,0.999,1,0
2026-07-01 19:40:00+00:00,AR-005,escort,mud,tree_line,0.312834,10.869151500000001,52.110088,49.775393,89.803486,0,-66.017186,5.0,0.502318,0.999,1,0
2026-07-01 19:45:00+00:00,AR-005,escort,mud,tree_line,0.493715,14.8776755,51.783754,49.577543,88.967522,0,-59.88474,4.0,1.223469,0.999,1,0
2026-07-01 19:50:00+00:00,AR-005,escort,sand,tree_line,0.376589,14.696375250000001,60.353722,49.479049,88.046028,0,-58.884763,4.0,1.165734,0.999,1,0
2026-07-01 19:55:00+00:00,AR-005,coverage,sand,building_shadow,0.601781,19.93161825,60.040155,49.249153,87.208702,0,-73.044094,4.0,1.260584,0.999,1,0
2026-07-01 20:00:00+00:00,AR-005,coverage,rocky,building_shadow,0.711994,11.002520749999999,32.431174,49.39541,86.441747,0,-75.099156,4.0,1.182891,0.999,1,0
2026-07-01 20:05:00+00:00,AR-005,coverage,rocky,building_shadow,0.790662,12.275862749999998,31.102108,49.23888,85.339757,0,-79.678075,4.0,1.155638,0.999,1,0
2026-07-01 20:10:00+00:00,AR-005,coverage,asphalt,remote_edge,0.935845,12.610627999999998,30.390609,49.131781,84.461229,0,-90.483594,3.0,1.887282,0.9969,1,0
2026-07-01 20:15:00+00:00,AR-005,coverage,asphalt,remote_edge,1.12014,13.86738325,32.840904,48.980781,83.404759,0,-85.036126,4.0,1.289541,0.999,1,0
2026-07-01 20:20:00+00:00,AR-005,coverage,asphalt,remote_edge,0.969392,12.743001,32.521701,48.947781,82.849096,0,-77.115738,3.0,1.863283,0.999,1,0
2026-07-01 20:25:00+00:00,AR-005,perimeter,gravel,base_area,0.886184,13.82232075,36.114033,48.821018,81.967845,0,-50.669754,5.0,0.595564,0.999,1,0
2026-07-01 20:30:00+00:00,AR-005,perimeter,gravel,base_area,0.813727,11.78543425,36.296439,48.729133,80.741206,0,-45.680491,5.0,0.554202,0.999,1,0
2026-07-01 20:35:00+00:00,AR-005,perimeter,dry_grass,base_area,0.821782,13.721948,38.420901,48.618158,80.133288,0,-46.750156,5.0,0.55744,0.999,1,0
2026-07-01 20:40:00+00:00,AR-005,perimeter,dry_grass,open_perimeter,0.732299,12.2806025,37.642038,48.52032,78.925139,0,-58.96692,5.0,0.578579,0.999,1,0
2026-07-01 20:45:00+00:00,AR-005,perimeter,dry_grass,open_perimeter,0.883974,14.820615,37.334058,48.381993,78.279727,0,-61.123354,5.0,0.516079,0.999,1,0
2026-07-01 20:50:00+00:00,AR-005,perimeter,wet_grass,open_perimeter,0.636682,13.40253875,42.001419,48.301578,77.232539,0,-59.093407,5.0,0.496501,0.999,1,0
2026-07-01 20:55:00+00:00,AR-005,escort,wet_grass,tree_line,0.484792,11.521073,39.009059,48.287936,76.673964,0,-72.242745,4.0,1.170772,0.999,1,0
2026-07-01 21:00:00+00:00,AR-005,escort,mud,tree_line,0.305446,11.056625499999999,47.497346,48.185602,75.652451,0,-65.744771,4.0,1.241818,0.999,1,0
2026-07-01 21:05:00+00:00,AR-005,escort,mud,tree_line,0.48368,14.000748999999999,48.185552,48.010936,74.776391,0,-67.082392,4.0,1.195832,0.999,1,0
2026-07-01 21:10:00+00:00,AR-005,escort,sand,building_shadow,0.341972,13.277268499999998,57.684028,47.920277,73.798981,0,-70.067772,4.0,1.18649,0.999,1,0
2026-07-01 21:15:00+00:00,AR-005,escort,sand,building_shadow,0.451573,15.76631125,57.811836,47.774234,73.072837,0,-65.515824,4.0,1.303308,0.999,1,0
2026-07-01 21:20:00+00:00,AR-005,escort,sand,building_shadow,0.342567,13.83190375,57.492328,47.716286,72.106393,0,-63.390735,4.0,1.12111,0.999,1,0
2026-07-01 21:25:00+00:00,AR-005,pursuit,rocky,remote_edge,1.278243,16.855659000000003,36.909532,47.529742,71.142761,0,-75.559244,4.0,1.230821,0.984,1,0
2026-07-01 21:30:00+00:00,AR-005,pursuit,rocky,remote_edge,1.18874,15.788079499999998,37.208634,47.462502,70.29457,0,-80.947816,3.0,1.733362,0.984,1,0
2026-07-01 21:35:00+00:00,AR-005,pursuit,asphalt,remote_edge,1.614804,18.358638749999997,37.719859,47.308253,69.514083,0,-84.11376,3.0,1.847497,0.984,1,0
2026-07-01 21:40:00+00:00,AR-005,pursuit,asphalt,base_area,1.592194,17.8025805,38.633831,47.203128,68.446386,0,-49.85927,5.0,0.676302,0.984,1,0
2026-07-01 21:45:00+00:00,AR-005,pursuit,asphalt,base_area,1.640967,18.7462575,38.144733,47.071822,67.493077,0,-49.929897,4.0,1.223458,0.984,1,0
2026-07-01 21:50:00+00:00,AR-005,pursuit,gravel,base_area,1.353062,17.80876025,37.717811,47.024502,66.852947,0,-42.072144,5.0,0.45,0.984,1,0
2026-07-01 21:55:00+00:00,AR-005,perimeter,gravel,open_perimeter,0.935351,14.1703755,33.937496,47.051569,66.249985,0,-58.315742,5.0,0.592735,0.999,1,0
2026-07-01 22:00:00+00:00,AR-005,perimeter,dry_grass,open_perimeter,0.745692,12.8650055,32.965463,46.954375,65.079156,0,-53.466747,5.0,0.492512,0.999,1,0
2026-07-01 22:05:00+00:00,AR-005,perimeter,dry_grass,open_perimeter,0.842024,13.744854499999999,33.659912,46.854589,64.392459,0,-53.645112,5.0,0.536254,0.999,1,0
2026-07-01 22:10:00+00:00,AR-005,perimeter,wet_grass,tree_line,0.698648,15.1972515,40.559864,46.688916,63.250395,0,-62.645044,4.0,1.331317,0.999,1,0
2026-07-01 22:15:00+00:00,AR-005,perimeter,wet_grass,tree_line,0.72784,14.8194105,42.224141,46.582248,62.210293,0,-69.598916,4.0,1.256445,0.999,1,0
2026-07-01 22:20:00+00:00,AR-005,perimeter,wet_grass,tree_line,0.63131,13.72388675,41.080358,46.558978,61.748205,0,-66.423735,4.0,1.120055,0.999,1,0
2026-07-01 22:25:00+00:00,AR-005,coverage,mud,building_shadow,0.578841,16.430400499999998,51.220871,46.365057,60.645064,0,-83.830062,4.0,1.102763,0.999,1,0
2026-07-01 22:30:00+00:00,AR-005,coverage,mud,building_shadow,0.473355,13.7778475,50.703572,46.305332,59.496034,0,-78.673035,4.0,1.137495,0.999,1,0
2026-07-01 22:35:00+00:00,AR-005,coverage,sand,building_shadow,0.556111,19.22133275,62.625521,46.086555,58.806333,0,-75.082121,4.0,1.255099,0.999,1,0
2026-07-01 22:40:00+00:00,AR-005,coverage,sand,remote_edge,0.480907,17.50940725,60.921135,46.009918,57.724664,0,-79.534063,4.0,1.177285,0.999,1,0
2026-07-01 22:45:00+00:00,AR-005,coverage,sand,remote_edge,0.518347,18.158418750000003,61.309899,45.916913,57.044928,0,-72.603826,3.0,1.78366,0.999,1,0
2026-07-01 22:50:00+00:00,AR-005,coverage,rocky,remote_edge,0.75003,11.16950475,32.618525,45.98692,56.047562,0,-67.206353,4.0,1.138454,0.999,1,0
2026-07-01 22:55:00+00:00,AR-005,coverage,rocky,base_area,0.864722,12.7518765,31.142016,45.853411,55.222852,0,-50.214176,5.0,0.611673,0.999,1,0
2026-07-01 23:00:00+00:00,AR-005,coverage,asphalt,base_area,1.009959,13.6220825,30.419642,45.7363,54.37923,0,-47.063407,5.0,0.609594,0.999,1,0
2026-07-01 23:05:00+00:00,AR-005,coverage,asphalt,base_area,1.114072,13.82991225,31.257397,45.64111,53.577565,0,-45.961758,5.0,0.632578,0.999,1,0
2026-07-01 23:10:00+00:00,AR-005,coverage,gravel,open_perimeter,0.828352,13.107299000000001,32.233917,45.533048,52.444982,0,-63.47217,5.0,0.613428,0.999,1,0
2026-07-01 23:15:00+00:00,AR-005,coverage,gravel,open_perimeter,0.898236,13.269055250000001,34.621652,45.454676,51.782776,0,-57.777193,4.0,1.13951,0.999,1,0
2026-07-01 23:20:00+00:00,AR-005,coverage,gravel,open_perimeter,0.833612,13.387397,34.109431,45.360812,50.972181,0,-56.576311,5.0,0.45,0.999,1,0
2026-07-01 23:25:00+00:00,AR-005,coverage,dry_grass,tree_line,0.898665,14.14144425,35.977048,45.223205,49.918595,0,-64.542346,4.0,1.231737,0.999,1,0
2026-07-01 23:30:00+00:00,AR-005,coverage,dry_grass,tree_line,0.835141,13.936657250000001,37.768099,45.124603,48.990682,0,-62.588615,4.0,1.289895,0.999,1,0
2026-07-01 23:35:00+00:00,AR-005,coverage,wet_grass,tree_line,0.767167,16.09183625,44.544475,44.971035,48.11985,0,-60.501085,4.0,1.130033,0.999,1,0
2026-07-01 23:40:00+00:00,AR-005,coverage,wet_grass,building_shadow,0.600456,13.194450750000001,43.52256,44.967551,47.416131,0,-68.417509,3.0,1.713822,0.999,1,0
2026-07-01 23:45:00+00:00,AR-005,coverage,wet_grass,building_shadow,0.728314,15.216531999999999,44.632879,44.808474,46.465213,0,-74.733247,3.0,1.99036,0.999,1,0
2026-07-01 23:50:00+00:00,AR-005,coverage,mud,building_shadow,0.551084,15.85867175,52.056401,44.700589,45.651018,0,-73.756073,4.0,1.370831,0.999,1,0
2026-07-01 23:55:00+00:00,AR-005,coverage,mud,remote_edge,0.542308,15.57763825,51.01072,44.591955,44.615831,0,-89.798167,4.0,1.166289,0.9969,1,0
